-----------------------------------------
-- ACCESS_TYPE
-----------------------------------------
INSERT INTO ACCESS_TYPE (ACS_CD, ACS_ABB, ACS_DES, CRE8_TS, LST_UID, LST_UPDT_TS) VALUES ('ED', 'EDIT', 'Edit and Delete', '2008-11-04 00:00:00.000', 'SYSTEM', '2008-11-04 00:00:00.000');
INSERT INTO ACCESS_TYPE (ACS_CD, ACS_ABB, ACS_DES, CRE8_TS, LST_UID, LST_UPDT_TS) VALUES ('V', 'VIEW', 'View', '2008-11-04 00:00:00.000', 'testUser', '2012-10-04 16:03:42.677');

-----------------------------------------
-- APPL_NM
-----------------------------------------
INSERT INTO APPL_NM (APPL_ID, APPL_NM, BUS_OWNER_DEPT) VALUES (5539, 'Product Management', 'Amy Heller');

-----------------------------------------
-- USR_ROLE
-----------------------------------------
INSERT INTO USR_ROLE (USR_ROLE_CD, USR_ROLE_ABB, USR_ROLE_DES, CRE8_TS, JOB_CD_XREF, LST_UID, LST_UPDT_TS, APPL_ID) VALUES (7937, 'ISALL', 'IS Production Support', '2016-09-23 00:00:00.000', '', 'sadc001', '2016-10-13 13:13:09.503', 5539);
INSERT INTO USR_ROLE (USR_ROLE_CD, USR_ROLE_ABB, USR_ROLE_DES, CRE8_TS, JOB_CD_XREF, LST_UID, LST_UPDT_TS, APPL_ID) VALUES (7938, 'PMADM', 'Admin of the product maintenance application', '2016-09-23 10:09:43.307', '', 'sadc001', '2016-09-23 10:09:43.307', 5539);
INSERT INTO USR_ROLE (USR_ROLE_CD, USR_ROLE_ABB, USR_ROLE_DES, CRE8_TS, JOB_CD_XREF, LST_UID, LST_UPDT_TS, APPL_ID) VALUES (7939, 'PDADM', 'Admin of all product data  DI', '2016-09-23 00:00:00.000', '', 'sadc001', '2017-09-29 09:43:20.057', 5539);
INSERT INTO USR_ROLE (USR_ROLE_CD, USR_ROLE_ABB, USR_ROLE_DES, CRE8_TS, JOB_CD_XREF, LST_UID, LST_UPDT_TS, APPL_ID) VALUES (7941, 'PMGEN', 'Basic product functions', '2016-09-23 00:00:00.000', '', 'sadc001', '2016-10-13 13:36:52.620', 5539);
INSERT INTO USR_ROLE (USR_ROLE_CD, USR_ROLE_ABB, USR_ROLE_DES, CRE8_TS, JOB_CD_XREF, LST_UID, LST_UPDT_TS, APPL_ID) VALUES (10935, 'SCMGR', 'Scale Manager', '2016-10-13 15:49:08.853', '', 'sadc001', '2016-10-13 15:49:08.853', 5539);
INSERT INTO USR_ROLE (USR_ROLE_CD, USR_ROLE_ABB, USR_ROLE_DES, CRE8_TS, JOB_CD_XREF, LST_UID, LST_UPDT_TS, APPL_ID) VALUES (11952, 'UPCSW', 'Perform the UPC Swap functions', '2016-12-05 10:38:03.703', '', 'sadc001', '2016-12-05 10:38:03.703', 5539);
INSERT INTO USR_ROLE (USR_ROLE_CD, USR_ROLE_ABB, USR_ROLE_DES, CRE8_TS, JOB_CD_XREF, LST_UID, LST_UPDT_TS, APPL_ID) VALUES (13981, 'EBM', 'eCommerce Business Manager', '2017-04-04 11:43:04.437', '', 'sadc001', '2017-04-04 11:43:04.437', 5539);
INSERT INTO USR_ROLE (USR_ROLE_CD, USR_ROLE_ABB, USR_ROLE_DES, CRE8_TS, JOB_CD_XREF, LST_UID, LST_UPDT_TS, APPL_ID) VALUES (14996, 'RO', 'Read Only User', '2017-06-14 09:21:40.970', '', 'sadc001', '2017-06-14 09:21:40.970', 5539);
INSERT INTO USR_ROLE (USR_ROLE_CD, USR_ROLE_ABB, USR_ROLE_DES, CRE8_TS, JOB_CD_XREF, LST_UID, LST_UPDT_TS, APPL_ID) VALUES (17012, 'PIA', 'Product Information Analyst', '2017-07-14 15:11:33.867', '', 'sadc001', '2017-07-14 15:11:33.867', 5539);
INSERT INTO USR_ROLE (USR_ROLE_CD, USR_ROLE_ABB, USR_ROLE_DES, CRE8_TS, JOB_CD_XREF, LST_UID, LST_UPDT_TS, APPL_ID) VALUES (19055, 'ADVER', 'Advertising', '2017-10-20 16:34:54.797', '', 'sadc001', '2017-10-20 16:34:54.797', 5539);
INSERT INTO USR_ROLE (USR_ROLE_CD, USR_ROLE_ABB, USR_ROLE_DES, CRE8_TS, JOB_CD_XREF, LST_UID, LST_UPDT_TS, APPL_ID) VALUES (19064, 'DTPA', 'Dinner Tonight Product Admin', '2017-11-09 08:41:58.077', '', 'sadc001', '2017-11-09 08:41:58.077', 5539);
INSERT INTO USR_ROLE (USR_ROLE_CD, USR_ROLE_ABB, USR_ROLE_DES, CRE8_TS, JOB_CD_XREF, LST_UID, LST_UPDT_TS, APPL_ID) VALUES (20089, 'OBM', 'Own Brand Manager', '2018-05-01 09:24:01.520', '', 'sadc001', '2018-05-01 09:24:01.520', 5539);
INSERT INTO USR_ROLE (USR_ROLE_CD, USR_ROLE_ABB, USR_ROLE_DES, CRE8_TS, JOB_CD_XREF, LST_UID, LST_UPDT_TS, APPL_ID) VALUES (23134, 'JVSM', 'Joe Vs Store Manager', '2018-10-26 15:44:24.113', '', 'sadc001', '2018-10-26 15:44:24.113', 5539);

-----------------------------------------
-- RESRC
-----------------------------------------
INSERT INTO RESRC (RESRC_ID, RESRC_NM, CRE8_TS, LST_UID, LST_UPDT_TS, RESRC_TYP_ID, TOOL_TIP_SW, RESRC_DEFNTN, SCREEN_NM, APPL_ID, PARNT_RESRC_ID) VALUES (98393, 'IS_MENU_00', '2016-10-13 13:18:36.127', 'sadc001', '2016-10-13 13:18:36.127', 2, '0', 'The product support menu', 'Product support menu', 5539, 0);
INSERT INTO RESRC (RESRC_ID, RESRC_NM, CRE8_TS, LST_UID, LST_UPDT_TS, RESRC_TYP_ID, TOOL_TIP_SW, RESRC_DEFNTN, SCREEN_NM, APPL_ID, PARNT_RESRC_ID) VALUES (98394, 'IS_JOBS_01', '2016-10-13 13:20:21.533', 'sadc001', '2016-10-13 13:20:21.533', 4, '0', 'List and run index refresh jobs in the product maintenance application', 'main', 5539, 0);
INSERT INTO RESRC (RESRC_ID, RESRC_NM, CRE8_TS, LST_UID, LST_UPDT_TS, RESRC_TYP_ID, TOOL_TIP_SW, RESRC_DEFNTN, SCREEN_NM, APPL_ID, PARNT_RESRC_ID) VALUES (98395, 'RP_MENU_00', '2016-10-13 13:36:22.777', 'sadc001', '2016-10-13 13:38:34.167', 2, '0', 'Reports menu', 'Main', 5539, 0);
INSERT INTO RESRC (RESRC_ID, RESRC_NM, CRE8_TS, LST_UID, LST_UPDT_TS, RESRC_TYP_ID, TOOL_TIP_SW, RESRC_DEFNTN, SCREEN_NM, APPL_ID, PARNT_RESRC_ID) VALUES (98396, 'RP_INGR_01', '2016-10-13 13:39:05.440', 'sadc001', '2016-10-13 13:39:05.440', 1, '0', 'Ingredients report', 'Ingredients report', 5539, 0);
INSERT INTO RESRC (RESRC_ID, RESRC_NM, CRE8_TS, LST_UID, LST_UPDT_TS, RESRC_TYP_ID, TOOL_TIP_SW, RESRC_DEFNTN, SCREEN_NM, APPL_ID, PARNT_RESRC_ID) VALUES (98397, 'PD_MENU_01', '2016-10-13 13:44:47.980', 'sadc001', '2016-10-13 13:44:47.980', 2, '0', 'Discontinue Menu', 'Discontinue Menu', 5539, 0);
INSERT INTO RESRC (RESRC_ID, RESRC_NM, CRE8_TS, LST_UID, LST_UPDT_TS, RESRC_TYP_ID, TOOL_TIP_SW, RESRC_DEFNTN, SCREEN_NM, APPL_ID, PARNT_RESRC_ID) VALUES (98398, 'PD_DSCO_01', '2016-10-13 13:46:54.413', 'sadc001', '2016-10-13 13:58:03.363', 1, '0', 'The product discontinue report', 'The product discontinue report', 5539, 0);
INSERT INTO RESRC (RESRC_ID, RESRC_NM, CRE8_TS, LST_UID, LST_UPDT_TS, RESRC_TYP_ID, TOOL_TIP_SW, RESRC_DEFNTN, SCREEN_NM, APPL_ID, PARNT_RESRC_ID) VALUES (98399, 'PD_DSCO_02', '2016-10-13 13:47:34.270', 'sadc001', '2016-10-13 13:47:34.270', 1, '0', 'Default product discontinue parameters', 'Default product discontinue parameters', 5539, 0);
INSERT INTO RESRC (RESRC_ID, RESRC_NM, CRE8_TS, LST_UID, LST_UPDT_TS, RESRC_TYP_ID, TOOL_TIP_SW, RESRC_DEFNTN, SCREEN_NM, APPL_ID, PARNT_RESRC_ID) VALUES (98400, 'PD_DSCO_03', '2016-10-13 13:48:23.637', 'sadc001', '2016-10-13 13:48:23.637', 1, '0', 'Product discontinue override parameters', 'Product discontinue override parameters', 5539, 0);
INSERT INTO RESRC (RESRC_ID, RESRC_NM, CRE8_TS, LST_UID, LST_UPDT_TS, RESRC_TYP_ID, TOOL_TIP_SW, RESRC_DEFNTN, SCREEN_NM, APPL_ID, PARNT_RESRC_ID) VALUES (98401, 'PD_DSCO_04', '2016-10-13 14:04:18.977', 'sadc001', '2016-10-13 14:04:18.977', 1, '0', 'Discontinue parameters audit', 'Discontinue parameters audit', 5539, 0);
INSERT INTO RESRC (RESRC_ID, RESRC_NM, CRE8_TS, LST_UID, LST_UPDT_TS, RESRC_TYP_ID, TOOL_TIP_SW, RESRC_DEFNTN, SCREEN_NM, APPL_ID, PARNT_RESRC_ID) VALUES (98402, 'IN_STOR_01', '2016-10-13 14:26:53.770', 'sadc001', '2016-10-13 14:26:53.770', 4, '0', 'Store inventory lookup', 'all', 5539, 0);
INSERT INTO RESRC (RESRC_ID, RESRC_NM, CRE8_TS, LST_UID, LST_UPDT_TS, RESRC_TYP_ID, TOOL_TIP_SW, RESRC_DEFNTN, SCREEN_NM, APPL_ID, PARNT_RESRC_ID) VALUES (98404, 'PD_INFO_01', '2016-10-13 14:28:42.750', 'sadc001', '2016-10-13 14:28:42.750', 1, '0', 'The basic product info screen', 'product info', 5539, 0);
INSERT INTO RESRC (RESRC_ID, RESRC_NM, CRE8_TS, LST_UID, LST_UPDT_TS, RESRC_TYP_ID, TOOL_TIP_SW, RESRC_DEFNTN, SCREEN_NM, APPL_ID, PARNT_RESRC_ID) VALUES (98405, 'PH_BDML_01', '2016-10-13 15:35:00.940', 'sadc001', '2016-10-13 15:35:00.940', 3, '0', 'List of BDMs', 'all', 5539, 0);
INSERT INTO RESRC (RESRC_ID, RESRC_NM, CRE8_TS, LST_UID, LST_UPDT_TS, RESRC_TYP_ID, TOOL_TIP_SW, RESRC_DEFNTN, SCREEN_NM, APPL_ID, PARNT_RESRC_ID) VALUES (98406, 'PH_CLSC_01', '2016-10-13 15:35:25.367', 'sadc001', '2016-10-13 15:39:57.247', 4, '0', 'The list of classes and commodities', 'all', 5539, 0);
INSERT INTO RESRC (RESRC_ID, RESRC_NM, CRE8_TS, LST_UID, LST_UPDT_TS, RESRC_TYP_ID, TOOL_TIP_SW, RESRC_DEFNTN, SCREEN_NM, APPL_ID, PARNT_RESRC_ID) VALUES (98408, 'PH_SUBC_01', '2016-10-13 15:36:34.427', 'sadc001', '2016-10-13 15:36:34.427', 1, '0', 'The list of sub commodities', 'all', 5539, 0);
INSERT INTO RESRC (RESRC_ID, RESRC_NM, CRE8_TS, LST_UID, LST_UPDT_TS, RESRC_TYP_ID, TOOL_TIP_SW, RESRC_DEFNTN, SCREEN_NM, APPL_ID, PARNT_RESRC_ID) VALUES (98409, 'PH_SUBD_01', '2016-10-13 15:36:54.830', 'sadc001', '2016-10-13 15:36:54.830', 1, '0', 'The list of sub departments', 'all', 5539, 0);
INSERT INTO RESRC (RESRC_ID, RESRC_NM, CRE8_TS, LST_UID, LST_UPDT_TS, RESRC_TYP_ID, TOOL_TIP_SW, RESRC_DEFNTN, SCREEN_NM, APPL_ID, PARNT_RESRC_ID) VALUES (98411, 'PD_MENU_02', '2016-10-13 15:53:21.197', 'sadc001', '2016-10-13 15:53:21.197', 2, '0', 'UPC Maintenance menu', 'main', 5539, 0);
INSERT INTO RESRC (RESRC_ID, RESRC_NM, CRE8_TS, LST_UID, LST_UPDT_TS, RESRC_TYP_ID, TOOL_TIP_SW, RESRC_DEFNTN, SCREEN_NM, APPL_ID, PARNT_RESRC_ID) VALUES (98412, 'PD_SWAP_01', '2016-10-13 15:54:50.323', 'sadc001', '2016-10-13 15:54:50.323', 4, '0', 'Warehouse to Warehouse UPC swaps', 'Warehouse to Warehouse UPC swaps', 5539, 0);
INSERT INTO RESRC (RESRC_ID, RESRC_NM, CRE8_TS, LST_UID, LST_UPDT_TS, RESRC_TYP_ID, TOOL_TIP_SW, RESRC_DEFNTN, SCREEN_NM, APPL_ID, PARNT_RESRC_ID) VALUES (98413, 'PD_SWAP_02', '2016-10-13 15:55:10.633', 'sadc001', '2016-10-13 15:55:10.633', 4, '0', 'DSD to Both swaps', 'DSD to Both swaps', 5539, 0);
INSERT INTO RESRC (RESRC_ID, RESRC_NM, CRE8_TS, LST_UID, LST_UPDT_TS, RESRC_TYP_ID, TOOL_TIP_SW, RESRC_DEFNTN, SCREEN_NM, APPL_ID, PARNT_RESRC_ID) VALUES (98414, 'PD_SWAP_03', '2016-10-13 15:55:32.280', 'sadc001', '2016-10-13 15:55:32.280', 4, '0', 'Both to DSD swaps', 'Both to DSD swaps', 5539, 0);
INSERT INTO RESRC (RESRC_ID, RESRC_NM, CRE8_TS, LST_UID, LST_UPDT_TS, RESRC_TYP_ID, TOOL_TIP_SW, RESRC_DEFNTN, SCREEN_NM, APPL_ID, PARNT_RESRC_ID) VALUES (98415, 'SM_MENU_00', '2016-10-13 16:59:06.813', 'sadc001', '2016-10-13 17:03:06.310', 2, '0', 'Scale Management menu', 'Scale Management menu', 5539, 0);
INSERT INTO RESRC (RESRC_ID, RESRC_NM, CRE8_TS, LST_UID, LST_UPDT_TS, RESRC_TYP_ID, TOOL_TIP_SW, RESRC_DEFNTN, SCREEN_NM, APPL_ID, PARNT_RESRC_ID) VALUES (98416, 'SM_UPCM_01', '2016-10-13 16:59:56.830', 'sadc001', '2016-10-13 16:59:56.830', 4, '0', 'SMS UPC Maintenance', 'SMS UPC Maintenance', 5539, 0);
INSERT INTO RESRC (RESRC_ID, RESRC_NM, CRE8_TS, LST_UID, LST_UPDT_TS, RESRC_TYP_ID, TOOL_TIP_SW, RESRC_DEFNTN, SCREEN_NM, APPL_ID, PARNT_RESRC_ID) VALUES (98417, 'SM_NTRN_01', '2016-10-13 17:00:18.673', 'sadc001', '2017-05-29 08:28:11.133', 4, '0', 'SMS UPC nutrients', 'SMS UPC nutrition data', 5539, 0);
INSERT INTO RESRC (RESRC_ID, RESRC_NM, CRE8_TS, LST_UID, LST_UPDT_TS, RESRC_TYP_ID, TOOL_TIP_SW, RESRC_DEFNTN, SCREEN_NM, APPL_ID, PARNT_RESRC_ID) VALUES (98418, 'SM_INGR_01', '2016-10-13 17:00:39.270', 'sadc001', '2016-10-13 17:00:39.270', 4, '0', 'SMS Ingredient Maintenance', 'SMS Ingredient Maintenance', 5539, 0);
INSERT INTO RESRC (RESRC_ID, RESRC_NM, CRE8_TS, LST_UID, LST_UPDT_TS, RESRC_TYP_ID, TOOL_TIP_SW, RESRC_DEFNTN, SCREEN_NM, APPL_ID, PARNT_RESRC_ID) VALUES (98419, 'SM_CODE_01', '2016-10-13 17:01:17.273', 'sadc001', '2016-10-13 17:01:17.273', 4, '0', 'Scale Management Action Codes Report', 'Scale Management Action Codes Report', 5539, 0);
INSERT INTO RESRC (RESRC_ID, RESRC_NM, CRE8_TS, LST_UID, LST_UPDT_TS, RESRC_TYP_ID, TOOL_TIP_SW, RESRC_DEFNTN, SCREEN_NM, APPL_ID, PARNT_RESRC_ID) VALUES (98420, 'SM_CODE_02', '2016-10-13 17:01:49.117', 'sadc001', '2016-10-13 17:01:49.117', 4, '0', 'Scale Management Label Format Codes Report', 'Scale Management Label Format Codes Report', 5539, 0);
INSERT INTO RESRC (RESRC_ID, RESRC_NM, CRE8_TS, LST_UID, LST_UPDT_TS, RESRC_TYP_ID, TOOL_TIP_SW, RESRC_DEFNTN, SCREEN_NM, APPL_ID, PARNT_RESRC_ID) VALUES (98421, 'SM_CODE_00', '2016-10-13 17:02:28.650', 'sadc001', '2016-10-13 17:02:28.650', 2, '0', 'Scale Management Codes Report Menu', 'Scale Management Codes Report Menu', 5539, 0);
INSERT INTO RESRC (RESRC_ID, RESRC_NM, CRE8_TS, LST_UID, LST_UPDT_TS, RESRC_TYP_ID, TOOL_TIP_SW, RESRC_DEFNTN, SCREEN_NM, APPL_ID, PARNT_RESRC_ID) VALUES (98422, 'SM_CODE_03', '2016-10-13 17:03:55.597', 'sadc001', '2016-10-13 17:03:55.597', 4, '0', 'Scale Management Graphics Codes Report', 'Scale Management Graphics Codes Report', 5539, 0);
INSERT INTO RESRC (RESRC_ID, RESRC_NM, CRE8_TS, LST_UID, LST_UPDT_TS, RESRC_TYP_ID, TOOL_TIP_SW, RESRC_DEFNTN, SCREEN_NM, APPL_ID, PARNT_RESRC_ID) VALUES (99391, 'PD_UPCM_01', '2016-10-17 11:33:56.040', 'sadc001', '2016-10-17 11:33:56.040', 4, '0', 'Tell scan maintenance to ignore a UPC', 'all', 5539, 0);
INSERT INTO RESRC (RESRC_ID, RESRC_NM, CRE8_TS, LST_UID, LST_UPDT_TS, RESRC_TYP_ID, TOOL_TIP_SW, RESRC_DEFNTN, SCREEN_NM, APPL_ID, PARNT_RESRC_ID) VALUES (99392, 'VN_LIST_01', '2016-10-17 13:17:43.960', 'sadc001', '2016-10-17 13:17:43.960', 23, '0', 'List of vendors', 'all', 5539, 0);
INSERT INTO RESRC (RESRC_ID, RESRC_NM, CRE8_TS, LST_UID, LST_UPDT_TS, RESRC_TYP_ID, TOOL_TIP_SW, RESRC_DEFNTN, SCREEN_NM, APPL_ID, PARNT_RESRC_ID) VALUES (99393, 'CT_CODE_01', '2016-10-24 11:50:35.667', 'sadc001', '2016-10-24 11:50:35.667', 4, '0', 'All code tables', 'code tables', 5539, 0);

-----------------------------------------
-- SEC_GRP_RESRC
-----------------------------------------
INSERT INTO SEC_GRP_RESRC (RESRC_ID, USR_ROLE_CD, ACS_CD, EFF_DT, EXPRN_DT, CRE8_TS, LST_UID, LST_UPDT_TS) VALUES (98415, 7941, 'V', '2017-05-26 00:00:00.000', '9999-12-31 00:00:00.000', '2017-05-26 15:45:10.303', 'sadc001', '2017-05-26 15:45:10.303');
INSERT INTO SEC_GRP_RESRC (RESRC_ID, USR_ROLE_CD, ACS_CD, EFF_DT, EXPRN_DT, CRE8_TS, LST_UID, LST_UPDT_TS) VALUES (98421, 7941, 'V', '2017-09-05 00:00:00.000', '9999-12-31 00:00:00.000', '2017-09-05 10:40:10.867', 'sadc001', '2017-09-05 10:40:10.867');
INSERT INTO SEC_GRP_RESRC (RESRC_ID, USR_ROLE_CD, ACS_CD, EFF_DT, EXPRN_DT, CRE8_TS, LST_UID, LST_UPDT_TS) VALUES (98421, 14996, 'V', '2017-07-31 00:00:00.000', '9999-12-31 00:00:00.000', '2017-07-31 14:15:50.983', 'sadc001', '2017-07-31 14:15:50.983');
INSERT INTO SEC_GRP_RESRC (RESRC_ID, USR_ROLE_CD, ACS_CD, EFF_DT, EXPRN_DT, CRE8_TS, LST_UID, LST_UPDT_TS) VALUES (98397, 7941, 'V', '2016-10-13 00:00:00.000', '9999-12-31 00:00:00.000', '2016-10-13 13:45:13.097', 'sadc001', '2016-10-13 13:45:13.097');
INSERT INTO SEC_GRP_RESRC (RESRC_ID, USR_ROLE_CD, ACS_CD, EFF_DT, EXPRN_DT, CRE8_TS, LST_UID, LST_UPDT_TS) VALUES (98400, 7941, 'V', '2016-10-13 00:00:00.000', '9999-12-31 00:00:00.000', '2016-10-13 13:49:33.923', 'sadc001', '2016-10-13 13:49:33.923');
INSERT INTO SEC_GRP_RESRC (RESRC_ID, USR_ROLE_CD, ACS_CD, EFF_DT, EXPRN_DT, CRE8_TS, LST_UID, LST_UPDT_TS) VALUES (98404, 7941, 'V', '2016-10-13 00:00:00.000', '9999-12-31 00:00:00.000', '2016-10-13 14:46:40.537', 'sadc001', '2016-10-13 14:46:40.537');
INSERT INTO SEC_GRP_RESRC (RESRC_ID, USR_ROLE_CD, ACS_CD, EFF_DT, EXPRN_DT, CRE8_TS, LST_UID, LST_UPDT_TS) VALUES (98402, 7941, 'V', '2016-10-13 00:00:00.000', '9999-12-31 00:00:00.000', '2016-10-13 15:27:52.287', 'sadc001', '2016-10-13 15:27:52.287');
INSERT INTO SEC_GRP_RESRC (RESRC_ID, USR_ROLE_CD, ACS_CD, EFF_DT, EXPRN_DT, CRE8_TS, LST_UID, LST_UPDT_TS) VALUES (98405, 7941, 'V', '2016-10-13 00:00:00.000', '9999-12-31 00:00:00.000', '2016-10-13 15:43:19.823', 'sadc001', '2016-10-13 15:43:19.823');
INSERT INTO SEC_GRP_RESRC (RESRC_ID, USR_ROLE_CD, ACS_CD, EFF_DT, EXPRN_DT, CRE8_TS, LST_UID, LST_UPDT_TS) VALUES (98408, 7941, 'V', '2016-10-13 00:00:00.000', '9999-12-31 00:00:00.000', '2016-10-13 15:43:52.153', 'sadc001', '2016-10-13 15:43:52.153');
INSERT INTO SEC_GRP_RESRC (RESRC_ID, USR_ROLE_CD, ACS_CD, EFF_DT, EXPRN_DT, CRE8_TS, LST_UID, LST_UPDT_TS) VALUES (98416, 10935, 'ED', '2016-10-13 00:00:00.000', '9999-12-31 00:00:00.000', '2016-10-13 17:04:54.507', 'sadc001', '2016-10-13 17:04:54.507');
INSERT INTO SEC_GRP_RESRC (RESRC_ID, USR_ROLE_CD, ACS_CD, EFF_DT, EXPRN_DT, CRE8_TS, LST_UID, LST_UPDT_TS) VALUES (98418, 10935, 'ED', '2016-10-13 00:00:00.000', '9999-12-31 00:00:00.000', '2016-10-13 17:05:27.013', 'sadc001', '2016-10-13 17:05:27.013');
INSERT INTO SEC_GRP_RESRC (RESRC_ID, USR_ROLE_CD, ACS_CD, EFF_DT, EXPRN_DT, CRE8_TS, LST_UID, LST_UPDT_TS) VALUES (98420, 10935, 'ED', '2016-10-13 00:00:00.000', '9999-12-31 00:00:00.000', '2016-10-13 00:00:00.000', 'sadc001', '2016-11-03 16:57:05.070');
INSERT INTO SEC_GRP_RESRC (RESRC_ID, USR_ROLE_CD, ACS_CD, EFF_DT, EXPRN_DT, CRE8_TS, LST_UID, LST_UPDT_TS) VALUES (98422, 10935, 'V', '2016-10-13 00:00:00.000', '9999-12-31 00:00:00.000', '2016-10-13 17:06:25.240', 'sadc001', '2016-10-13 17:06:25.240');
INSERT INTO SEC_GRP_RESRC (RESRC_ID, USR_ROLE_CD, ACS_CD, EFF_DT, EXPRN_DT, CRE8_TS, LST_UID, LST_UPDT_TS) VALUES (99391, 7939, 'ED', '2016-10-17 00:00:00.000', '9999-12-31 00:00:00.000', '2016-10-17 11:34:55.013', 'sadc001', '2016-10-17 11:34:55.013');
INSERT INTO SEC_GRP_RESRC (RESRC_ID, USR_ROLE_CD, ACS_CD, EFF_DT, EXPRN_DT, CRE8_TS, LST_UID, LST_UPDT_TS) VALUES (98411, 7939, 'V', '2016-10-17 00:00:00.000', '9999-12-31 00:00:00.000', '2016-10-17 13:15:57.200', 'sadc001', '2016-10-17 13:15:57.200');
INSERT INTO SEC_GRP_RESRC (RESRC_ID, USR_ROLE_CD, ACS_CD, EFF_DT, EXPRN_DT, CRE8_TS, LST_UID, LST_UPDT_TS) VALUES (98412, 7939, 'ED', '2016-10-17 00:00:00.000', '9999-12-31 00:00:00.000', '2016-10-17 13:16:14.973', 'sadc001', '2016-10-17 13:16:14.973');
INSERT INTO SEC_GRP_RESRC (RESRC_ID, USR_ROLE_CD, ACS_CD, EFF_DT, EXPRN_DT, CRE8_TS, LST_UID, LST_UPDT_TS) VALUES (98414, 7939, 'ED', '2016-10-17 00:00:00.000', '9999-12-31 00:00:00.000', '2016-10-17 13:17:10.907', 'sadc001', '2016-10-17 13:17:10.907');
INSERT INTO SEC_GRP_RESRC (RESRC_ID, USR_ROLE_CD, ACS_CD, EFF_DT, EXPRN_DT, CRE8_TS, LST_UID, LST_UPDT_TS) VALUES (99392, 7941, 'V', '2016-10-17 00:00:00.000', '9999-12-31 00:00:00.000', '2016-10-17 13:17:58.707', 'sadc001', '2016-10-17 13:17:58.707');
INSERT INTO SEC_GRP_RESRC (RESRC_ID, USR_ROLE_CD, ACS_CD, EFF_DT, EXPRN_DT, CRE8_TS, LST_UID, LST_UPDT_TS) VALUES (98413, 7939, 'ED', '2016-10-21 00:00:00.000', '9999-12-31 00:00:00.000', '2016-10-21 14:49:31.340', 'sadc001', '2016-10-21 14:49:31.340');
INSERT INTO SEC_GRP_RESRC (RESRC_ID, USR_ROLE_CD, ACS_CD, EFF_DT, EXPRN_DT, CRE8_TS, LST_UID, LST_UPDT_TS) VALUES (99393, 7939, 'V', '2016-10-24 00:00:00.000', '9999-12-31 00:00:00.000', '2016-10-24 00:00:00.000', 'sadc001', '2018-01-11 20:03:09.537');
INSERT INTO SEC_GRP_RESRC (RESRC_ID, USR_ROLE_CD, ACS_CD, EFF_DT, EXPRN_DT, CRE8_TS, LST_UID, LST_UPDT_TS) VALUES (98411, 11952, 'V', '2016-12-05 00:00:00.000', '9999-12-31 00:00:00.000', '2016-12-05 10:38:34.843', 'sadc001', '2016-12-05 10:38:34.843');
INSERT INTO SEC_GRP_RESRC (RESRC_ID, USR_ROLE_CD, ACS_CD, EFF_DT, EXPRN_DT, CRE8_TS, LST_UID, LST_UPDT_TS) VALUES (98412, 11952, 'ED', '2016-12-05 00:00:00.000', '9999-12-31 00:00:00.000', '2016-12-05 10:39:02.613', 'sadc001', '2016-12-05 10:39:02.613');
INSERT INTO SEC_GRP_RESRC (RESRC_ID, USR_ROLE_CD, ACS_CD, EFF_DT, EXPRN_DT, CRE8_TS, LST_UID, LST_UPDT_TS) VALUES (98422, 7939, 'ED', '2016-12-07 00:00:00.000', '9999-12-31 00:00:00.000', '2016-12-07 10:05:01.197', 'sadc001', '2016-12-07 10:05:01.197');
INSERT INTO SEC_GRP_RESRC (RESRC_ID, USR_ROLE_CD, ACS_CD, EFF_DT, EXPRN_DT, CRE8_TS, LST_UID, LST_UPDT_TS) VALUES (98393, 7937, 'V', '2016-10-13 00:00:00.000', '9999-12-31 00:00:00.000', '2016-10-13 13:18:54.363', 'sadc001', '2016-10-13 13:18:54.363');
INSERT INTO SEC_GRP_RESRC (RESRC_ID, USR_ROLE_CD, ACS_CD, EFF_DT, EXPRN_DT, CRE8_TS, LST_UID, LST_UPDT_TS) VALUES (98394, 7937, 'ED', '2016-10-13 00:00:00.000', '9999-12-31 00:00:00.000', '2016-10-13 13:20:41.613', 'sadc001', '2016-10-13 13:20:41.613');
INSERT INTO SEC_GRP_RESRC (RESRC_ID, USR_ROLE_CD, ACS_CD, EFF_DT, EXPRN_DT, CRE8_TS, LST_UID, LST_UPDT_TS) VALUES (98396, 7941, 'V', '2016-10-13 00:00:00.000', '9999-12-31 00:00:00.000', '2016-10-13 13:39:39.703', 'sadc001', '2016-10-13 13:39:39.703');
INSERT INTO SEC_GRP_RESRC (RESRC_ID, USR_ROLE_CD, ACS_CD, EFF_DT, EXPRN_DT, CRE8_TS, LST_UID, LST_UPDT_TS) VALUES (98399, 7941, 'V', '2016-10-13 00:00:00.000', '9999-12-31 00:00:00.000', '2016-10-13 13:49:12.923', 'sadc001', '2016-10-13 13:49:12.923');
INSERT INTO SEC_GRP_RESRC (RESRC_ID, USR_ROLE_CD, ACS_CD, EFF_DT, EXPRN_DT, CRE8_TS, LST_UID, LST_UPDT_TS) VALUES (98400, 7939, 'ED', '2016-10-13 00:00:00.000', '9999-12-31 00:00:00.000', '2016-10-13 14:16:45.890', 'sadc001', '2016-10-13 14:16:45.890');
INSERT INTO SEC_GRP_RESRC (RESRC_ID, USR_ROLE_CD, ACS_CD, EFF_DT, EXPRN_DT, CRE8_TS, LST_UID, LST_UPDT_TS) VALUES (98406, 7941, 'V', '2016-10-13 00:00:00.000', '9999-12-31 00:00:00.000', '2016-10-13 15:43:35.713', 'sadc001', '2016-10-13 15:43:35.713');
INSERT INTO SEC_GRP_RESRC (RESRC_ID, USR_ROLE_CD, ACS_CD, EFF_DT, EXPRN_DT, CRE8_TS, LST_UID, LST_UPDT_TS) VALUES (98417, 10935, 'ED', '2016-10-13 00:00:00.000', '9999-12-31 00:00:00.000', '2016-10-13 17:05:11.537', 'sadc001', '2016-10-13 17:05:11.537');
INSERT INTO SEC_GRP_RESRC (RESRC_ID, USR_ROLE_CD, ACS_CD, EFF_DT, EXPRN_DT, CRE8_TS, LST_UID, LST_UPDT_TS) VALUES (98421, 10935, 'V', '2016-10-13 00:00:00.000', '9999-12-31 00:00:00.000', '2016-10-13 17:06:12.340', 'sadc001', '2016-10-13 17:06:12.340');
INSERT INTO SEC_GRP_RESRC (RESRC_ID, USR_ROLE_CD, ACS_CD, EFF_DT, EXPRN_DT, CRE8_TS, LST_UID, LST_UPDT_TS) VALUES (98416, 7941, 'V', '2017-07-10 00:00:00.000', '9999-12-31 00:00:00.000', '2017-07-10 16:25:43.220', 'sadc001', '2017-07-10 16:25:43.220');
INSERT INTO SEC_GRP_RESRC (RESRC_ID, USR_ROLE_CD, ACS_CD, EFF_DT, EXPRN_DT, CRE8_TS, LST_UID, LST_UPDT_TS) VALUES (98418, 7941, 'V', '2017-07-12 00:00:00.000', '9999-12-04 00:00:00.000', '2017-07-12 15:49:15.187', 'sadc001', '2017-07-12 15:49:15.187');
INSERT INTO SEC_GRP_RESRC (RESRC_ID, USR_ROLE_CD, ACS_CD, EFF_DT, EXPRN_DT, CRE8_TS, LST_UID, LST_UPDT_TS) VALUES (98422, 14996, 'V', '2017-07-31 00:00:00.000', '9999-12-31 00:00:00.000', '2017-07-31 14:16:13.157', 'sadc001', '2017-07-31 14:16:13.157');
INSERT INTO SEC_GRP_RESRC (RESRC_ID, USR_ROLE_CD, ACS_CD, EFF_DT, EXPRN_DT, CRE8_TS, LST_UID, LST_UPDT_TS) VALUES (99393, 13981, 'ED', '2018-02-05 00:00:00.000', '9999-12-31 00:00:00.000', '2018-02-05 15:42:43.323', 'sadc001', '2018-02-05 15:42:43.323');
INSERT INTO SEC_GRP_RESRC (RESRC_ID, USR_ROLE_CD, ACS_CD, EFF_DT, EXPRN_DT, CRE8_TS, LST_UID, LST_UPDT_TS) VALUES (98414, 11952, 'ED', '2016-12-05 00:00:00.000', '9999-12-31 00:00:00.000', '2016-12-05 10:39:42.490', 'sadc001', '2016-12-05 10:39:42.490');
INSERT INTO SEC_GRP_RESRC (RESRC_ID, USR_ROLE_CD, ACS_CD, EFF_DT, EXPRN_DT, CRE8_TS, LST_UID, LST_UPDT_TS) VALUES (98395, 7941, 'V', '2016-10-13 00:00:00.000', '9999-12-31 00:00:00.000', '2016-10-13 13:37:24.427', 'sadc001', '2016-10-13 13:37:24.427');
INSERT INTO SEC_GRP_RESRC (RESRC_ID, USR_ROLE_CD, ACS_CD, EFF_DT, EXPRN_DT, CRE8_TS, LST_UID, LST_UPDT_TS) VALUES (98398, 7941, 'V', '2016-10-13 00:00:00.000', '9999-12-31 00:00:00.000', '2016-10-13 13:48:52.063', 'sadc001', '2016-10-13 13:48:52.063');
INSERT INTO SEC_GRP_RESRC (RESRC_ID, USR_ROLE_CD, ACS_CD, EFF_DT, EXPRN_DT, CRE8_TS, LST_UID, LST_UPDT_TS) VALUES (98401, 7939, 'V', '2016-10-13 00:00:00.000', '9999-12-31 00:00:00.000', '2016-10-13 14:07:20.097', 'sadc001', '2016-10-13 14:07:20.097');
INSERT INTO SEC_GRP_RESRC (RESRC_ID, USR_ROLE_CD, ACS_CD, EFF_DT, EXPRN_DT, CRE8_TS, LST_UID, LST_UPDT_TS) VALUES (98399, 7939, 'ED', '2016-10-13 00:00:00.000', '9999-12-31 00:00:00.000', '2016-10-13 14:16:28.410', 'sadc001', '2016-10-13 14:16:28.410');
INSERT INTO SEC_GRP_RESRC (RESRC_ID, USR_ROLE_CD, ACS_CD, EFF_DT, EXPRN_DT, CRE8_TS, LST_UID, LST_UPDT_TS) VALUES (98409, 7941, 'V', '2016-10-13 00:00:00.000', '9999-12-31 00:00:00.000', '2016-10-13 15:44:05.943', 'sadc001', '2016-10-13 15:44:05.943');
INSERT INTO SEC_GRP_RESRC (RESRC_ID, USR_ROLE_CD, ACS_CD, EFF_DT, EXPRN_DT, CRE8_TS, LST_UID, LST_UPDT_TS) VALUES (98415, 10935, 'V', '2016-10-13 00:00:00.000', '9999-12-31 00:00:00.000', '2016-10-13 17:04:35.207', 'sadc001', '2016-10-13 17:04:35.207');
INSERT INTO SEC_GRP_RESRC (RESRC_ID, USR_ROLE_CD, ACS_CD, EFF_DT, EXPRN_DT, CRE8_TS, LST_UID, LST_UPDT_TS) VALUES (98419, 10935, 'ED', '2016-10-13 00:00:00.000', '9999-12-31 00:00:00.000', '2016-10-13 00:00:00.000', 'sadc001', '2016-11-22 09:49:31.963');
INSERT INTO SEC_GRP_RESRC (RESRC_ID, USR_ROLE_CD, ACS_CD, EFF_DT, EXPRN_DT, CRE8_TS, LST_UID, LST_UPDT_TS) VALUES (98413, 11952, 'ED', '2016-12-05 00:00:00.000', '9999-12-31 00:00:00.000', '2016-12-05 10:39:25.523', 'sadc001', '2016-12-05 10:39:25.523');
INSERT INTO SEC_GRP_RESRC (RESRC_ID, USR_ROLE_CD, ACS_CD, EFF_DT, EXPRN_DT, CRE8_TS, LST_UID, LST_UPDT_TS) VALUES (98422, 7941, 'V', '2017-09-05 00:00:00.000', '9999-12-31 00:00:00.000', '2017-09-05 10:40:44.787', 'sadc001', '2017-09-05 10:40:44.787');
INSERT INTO SEC_GRP_RESRC (RESRC_ID, USR_ROLE_CD, ACS_CD, EFF_DT, EXPRN_DT, CRE8_TS, LST_UID, LST_UPDT_TS) VALUES (99392, 19064, 'V', '2017-11-09 00:00:00.000', '9999-12-31 00:00:00.000', '2017-11-09 08:47:55.250', 'd116773', '2017-11-09 08:47:55.250');
INSERT INTO SEC_GRP_RESRC (RESRC_ID, USR_ROLE_CD, ACS_CD, EFF_DT, EXPRN_DT, CRE8_TS, LST_UID, LST_UPDT_TS) VALUES (98409, 19064, 'V', '2017-11-09 00:00:00.000', '9999-12-31 00:00:00.000', '2017-11-09 08:47:55.250', 'd116773', '2017-11-09 08:47:55.250');
INSERT INTO SEC_GRP_RESRC (RESRC_ID, USR_ROLE_CD, ACS_CD, EFF_DT, EXPRN_DT, CRE8_TS, LST_UID, LST_UPDT_TS) VALUES (98408, 19064, 'V', '2017-11-09 00:00:00.000', '9999-12-31 00:00:00.000', '2017-11-09 08:47:55.250', 'd116773', '2017-11-09 08:47:55.250');
INSERT INTO SEC_GRP_RESRC (RESRC_ID, USR_ROLE_CD, ACS_CD, EFF_DT, EXPRN_DT, CRE8_TS, LST_UID, LST_UPDT_TS) VALUES (98406, 19064, 'V', '2017-11-09 00:00:00.000', '9999-12-31 00:00:00.000', '2017-11-09 08:47:55.250', 'd116773', '2017-11-09 08:47:55.250');
INSERT INTO SEC_GRP_RESRC (RESRC_ID, USR_ROLE_CD, ACS_CD, EFF_DT, EXPRN_DT, CRE8_TS, LST_UID, LST_UPDT_TS) VALUES (98405, 19064, 'V', '2017-11-09 00:00:00.000', '9999-12-31 00:00:00.000', '2017-11-09 08:47:55.250', 'd116773', '2017-11-09 08:47:55.250');
INSERT INTO SEC_GRP_RESRC (RESRC_ID, USR_ROLE_CD, ACS_CD, EFF_DT, EXPRN_DT, CRE8_TS, LST_UID, LST_UPDT_TS) VALUES (98397, 19064, 'V', '2017-11-09 00:00:00.000', '9999-12-31 00:00:00.000', '2017-11-09 08:47:55.250', 'd116773', '2017-11-09 08:47:55.250');
INSERT INTO SEC_GRP_RESRC (RESRC_ID, USR_ROLE_CD, ACS_CD, EFF_DT, EXPRN_DT, CRE8_TS, LST_UID, LST_UPDT_TS) VALUES (98404, 19064, 'V', '2017-11-09 00:00:00.000', '9999-12-31 00:00:00.000', '2017-11-09 08:47:55.250', 'd116773', '2017-11-09 08:47:55.250');
INSERT INTO SEC_GRP_RESRC (RESRC_ID, USR_ROLE_CD, ACS_CD, EFF_DT, EXPRN_DT, CRE8_TS, LST_UID, LST_UPDT_TS) VALUES (98401, 19064, 'V', '2017-11-09 00:00:00.000', '9999-12-31 00:00:00.000', '2017-11-09 08:47:55.250', 'd116773', '2017-11-09 08:47:55.250');
INSERT INTO SEC_GRP_RESRC (RESRC_ID, USR_ROLE_CD, ACS_CD, EFF_DT, EXPRN_DT, CRE8_TS, LST_UID, LST_UPDT_TS) VALUES (98400, 19064, 'V', '2017-11-09 00:00:00.000', '9999-12-31 00:00:00.000', '2017-11-09 08:47:55.250', 'd116773', '2017-11-09 08:47:55.250');
INSERT INTO SEC_GRP_RESRC (RESRC_ID, USR_ROLE_CD, ACS_CD, EFF_DT, EXPRN_DT, CRE8_TS, LST_UID, LST_UPDT_TS) VALUES (98399, 19064, 'V', '2017-11-09 00:00:00.000', '9999-12-31 00:00:00.000', '2017-11-09 08:47:55.250', 'd116773', '2017-11-09 08:47:55.250');
INSERT INTO SEC_GRP_RESRC (RESRC_ID, USR_ROLE_CD, ACS_CD, EFF_DT, EXPRN_DT, CRE8_TS, LST_UID, LST_UPDT_TS) VALUES (98398, 19064, 'V', '2017-11-09 00:00:00.000', '9999-12-31 00:00:00.000', '2017-11-09 08:47:55.250', 'd116773', '2017-11-09 08:47:55.250');
INSERT INTO SEC_GRP_RESRC (RESRC_ID, USR_ROLE_CD, ACS_CD, EFF_DT, EXPRN_DT, CRE8_TS, LST_UID, LST_UPDT_TS) VALUES (98402, 19064, 'V', '2017-11-09 00:00:00.000', '9999-12-31 00:00:00.000', '2017-11-09 08:47:55.250', 'd116773', '2017-11-09 08:47:55.250');
INSERT INTO SEC_GRP_RESRC (RESRC_ID, USR_ROLE_CD, ACS_CD, EFF_DT, EXPRN_DT, CRE8_TS, LST_UID, LST_UPDT_TS) VALUES (99393, 19064, 'N', '2017-11-09 00:00:00.000', '9999-12-31 00:00:00.000', '2017-11-09 00:00:00.000', 'sadc001', '2018-01-11 19:49:33.540');

-----------------------------------------
-- IDM
-----------------------------------------
INSERT INTO IDM (USR_ID, FRST_NM, LST_NM, FRST_LOG_IN_TS, LST_LOG_IN_TS, EMAIL_ID) VALUES ('d116773', 'Danvers', 'Darren', '2011-09-09 10:20:40.720', '2011-09-09 10:20:40.720', 'danvers.darren@hebcert.com');
INSERT INTO IDM (USR_ID, FRST_NM, LST_NM, FRST_LOG_IN_TS, LST_LOG_IN_TS, EMAIL_ID) VALUES ('k515857', 'Khan', 'Andrew', '2018-05-23 14:24:35.550', '2018-05-23 14:24:35.550', null);
INSERT INTO IDM (USR_ID, FRST_NM, LST_NM, FRST_LOG_IN_TS, LST_LOG_IN_TS, EMAIL_ID) VALUES ('l307751', 'Lackey', 'Sean', '2015-04-13 17:22:53.450', '2015-04-13 17:22:53.450', 'lackey.sean@heb.com');
INSERT INTO IDM (USR_ID, FRST_NM, LST_NM, FRST_LOG_IN_TS, LST_LOG_IN_TS, EMAIL_ID) VALUES ('p888889', 'pmUser', 'One', '2016-06-24 17:11:06.493', '2016-06-24 17:11:06.493', 'p888889@heb.com');
INSERT INTO IDM (USR_ID, FRST_NM, LST_NM, FRST_LOG_IN_TS, LST_LOG_IN_TS, EMAIL_ID) VALUES ('sadc001', 'Sadc', 'One', '2011-06-23 15:39:40.073', '2011-06-23 15:39:40.073', null);
INSERT INTO IDM (USR_ID, FRST_NM, LST_NM, FRST_LOG_IN_TS, LST_LOG_IN_TS, EMAIL_ID) VALUES ('sadc002', 'Sadc', 'Two', '2011-06-23 15:40:30.463', '2011-06-23 15:40:30.463', null);
INSERT INTO IDM (USR_ID, FRST_NM, LST_NM, FRST_LOG_IN_TS, LST_LOG_IN_TS, EMAIL_ID) VALUES ('sadc003', 'Sadc', 'Three', '2011-06-23 15:41:08.607', '2011-06-23 15:41:08.607', null);
INSERT INTO IDM (USR_ID, FRST_NM, LST_NM, FRST_LOG_IN_TS, LST_LOG_IN_TS, EMAIL_ID) VALUES ('sadc004', 'Sadc', 'Four', '2011-06-23 15:41:39.217', '2011-06-23 15:41:39.217', null);
INSERT INTO IDM (USR_ID, FRST_NM, LST_NM, FRST_LOG_IN_TS, LST_LOG_IN_TS, EMAIL_ID) VALUES ('sadc005', 'sadc005', 'sadc005', '2011-07-18 15:42:50.820', '2011-07-18 15:42:50.820', null);
INSERT INTO IDM (USR_ID, FRST_NM, LST_NM, FRST_LOG_IN_TS, LST_LOG_IN_TS, EMAIL_ID) VALUES ('sadc006', 'sadc006', 'sadc006', '2011-07-18 15:43:00.083', '2011-07-18 15:43:00.083', null);
INSERT INTO IDM (USR_ID, FRST_NM, LST_NM, FRST_LOG_IN_TS, LST_LOG_IN_TS, EMAIL_ID) VALUES ('sadc008', 'sadc008', 'sadc008', '2011-07-18 15:43:27.647', '2011-07-18 15:43:27.647', null);
INSERT INTO IDM (USR_ID, FRST_NM, LST_NM, FRST_LOG_IN_TS, LST_LOG_IN_TS, EMAIL_ID) VALUES ('sadc009', 'sadc009', 'sadc009', '2011-07-18 15:43:35.397', '2011-07-18 15:43:35.397', null);
INSERT INTO IDM (USR_ID, FRST_NM, LST_NM, FRST_LOG_IN_TS, LST_LOG_IN_TS, EMAIL_ID) VALUES ('v357407', 'someone', 'someone', '2010-03-26 05:09:05.987', '2010-03-26 05:09:05.987', 'v357407');
INSERT INTO IDM (USR_ID, FRST_NM, LST_NM, FRST_LOG_IN_TS, LST_LOG_IN_TS, EMAIL_ID) VALUES ('vn01189', 'Mateo', 'Paolo', '2017-10-20 04:27:09.997', '2017-10-20 04:27:09.997', 'mateo.paolo@heb.com');
INSERT INTO IDM (USR_ID, FRST_NM, LST_NM, FRST_LOG_IN_TS, LST_LOG_IN_TS, EMAIL_ID) VALUES ('vn02152', 'Sone', 'Anchana', '2017-09-28 01:48:08.557', '2017-09-28 01:48:08.557', 'sone.anchana@heb.com');
INSERT INTO IDM (USR_ID, FRST_NM, LST_NM, FRST_LOG_IN_TS, LST_LOG_IN_TS, EMAIL_ID) VALUES ('vn02550', 'Shrestha', 'Aseem', '2018-07-25 16:01:13.527', '2018-07-25 16:01:13.527', 'shrestha.aseem@heb.com');
INSERT INTO IDM (USR_ID, FRST_NM, LST_NM, FRST_LOG_IN_TS, LST_LOG_IN_TS, EMAIL_ID) VALUES ('vn02644', 'Venkataraman', 'Saikanga', '2018-01-10 04:13:54.257', '2018-01-10 04:13:54.257', 'venkataraman.saikanga@heb.com');
INSERT INTO IDM (USR_ID, FRST_NM, LST_NM, FRST_LOG_IN_TS, LST_LOG_IN_TS, EMAIL_ID) VALUES ('vn74013', 'Bhamini', 'Roshni', '2015-05-19 16:54:25.373', '2015-05-19 16:54:25.373', 'bhaminithankachi.roshni@heb.com');
INSERT INTO IDM (USR_ID, FRST_NM, LST_NM, FRST_LOG_IN_TS, LST_LOG_IN_TS, EMAIL_ID) VALUES ('vn78381', 'Relten', 'Vino', '2016-09-01 09:23:12.627', '2016-09-01 09:23:12.627', 'relten.vino@heb.com');
INSERT INTO IDM (USR_ID, FRST_NM, LST_NM, FRST_LOG_IN_TS, LST_LOG_IN_TS, EMAIL_ID) VALUES ('vn83113', 'Thomas', 'Avinash.Babu', '2016-06-14 12:53:04.447', '2016-06-14 12:53:04.447', 'thomas.avinash@heb.com');
INSERT INTO IDM (USR_ID, FRST_NM, LST_NM, FRST_LOG_IN_TS, LST_LOG_IN_TS, EMAIL_ID) VALUES ('vn94553', 'Varghese', 'Shimmy', '2017-10-05 10:30:50.877', '2017-10-05 10:30:50.877', 'varghese.shimmy@heb.com');

-----------------------------------------
-- USR_SEC_GRP
-----------------------------------------
INSERT INTO USR_SEC_GRP (USR_ID, USR_ROLE_CD, CRE8_TS, LST_UID, LST_UPDT_TS) VALUES ('d116773', 7941, '1921-09-29 00:00:00.000', '2016-11-', '2016-11-29 10:23:11.557');
INSERT INTO USR_SEC_GRP (USR_ID, USR_ROLE_CD, CRE8_TS, LST_UID, LST_UPDT_TS) VALUES ('k515857', 7941, '1921-09-29 00:00:00.000', '2018-05-', '2018-05-23 14:24:35.577');
INSERT INTO USR_SEC_GRP (USR_ID, USR_ROLE_CD, CRE8_TS, LST_UID, LST_UPDT_TS) VALUES ('l307751', 7941, '1921-09-29 00:00:00.000', '2019-05-', '2019-05-09 11:17:00.233');
INSERT INTO USR_SEC_GRP (USR_ID, USR_ROLE_CD, CRE8_TS, LST_UID, LST_UPDT_TS) VALUES ('l307751', 10935, '1929-12-10 00:00:00.000', '2019-05-', '2019-05-09 11:17:21.897');
INSERT INTO USR_SEC_GRP (USR_ID, USR_ROLE_CD, CRE8_TS, LST_UID, LST_UPDT_TS) VALUES ('l307751', 13981, '1938-04-13 00:00:00.000', '2019-05-', '2019-05-08 07:40:42.473');
INSERT INTO USR_SEC_GRP (USR_ID, USR_ROLE_CD, CRE8_TS, LST_UID, LST_UPDT_TS) VALUES ('p888889', 7937, '2017-11-09 11:03:29.460', 'd116773', '2017-11-09 11:03:29.460');
INSERT INTO USR_SEC_GRP (USR_ID, USR_ROLE_CD, CRE8_TS, LST_UID, LST_UPDT_TS) VALUES ('p888889', 7941, '1921-09-29 00:00:00.000', '2017-11-', '2017-11-09 13:11:52.813');
INSERT INTO USR_SEC_GRP (USR_ID, USR_ROLE_CD, CRE8_TS, LST_UID, LST_UPDT_TS) VALUES ('sadc001', 7939, '1921-09-27 00:00:00.000', '2017-05-', '2017-05-02 16:03:11.153');
INSERT INTO USR_SEC_GRP (USR_ID, USR_ROLE_CD, CRE8_TS, LST_UID, LST_UPDT_TS) VALUES ('sadc001', 7941, '1921-09-29 00:00:00.000', '2016-10-', '2016-10-13 13:37:48.780');
INSERT INTO USR_SEC_GRP (USR_ID, USR_ROLE_CD, CRE8_TS, LST_UID, LST_UPDT_TS) VALUES ('sadc001', 10935, '2010-09-29 00:00:00.000', 'd116773', '2010-09-29 00:00:00.000');
INSERT INTO USR_SEC_GRP (USR_ID, USR_ROLE_CD, CRE8_TS, LST_UID, LST_UPDT_TS) VALUES ('sadc001', 11952, '1932-09-22 00:00:00.000', '2019-01-', '2019-01-04 09:38:45.343');
INSERT INTO USR_SEC_GRP (USR_ID, USR_ROLE_CD, CRE8_TS, LST_UID, LST_UPDT_TS) VALUES ('sadc001', 13981, '1938-04-13 00:00:00.000', '2018-09-', '2018-09-13 20:38:02.010');
INSERT INTO USR_SEC_GRP (USR_ID, USR_ROLE_CD, CRE8_TS, LST_UID, LST_UPDT_TS) VALUES ('sadc001', 19064, '1952-03-13 00:00:00.000', '2018-09-', '2018-09-13 20:41:54.903');
INSERT INTO USR_SEC_GRP (USR_ID, USR_ROLE_CD, CRE8_TS, LST_UID, LST_UPDT_TS) VALUES ('sadc002', 7939, '1921-09-27 00:00:00.000', '2019-03-', '2019-03-19 14:51:20.980');
INSERT INTO USR_SEC_GRP (USR_ID, USR_ROLE_CD, CRE8_TS, LST_UID, LST_UPDT_TS) VALUES ('sadc002', 7941, '1921-09-29 00:00:00.000', '2016-10-', '2016-10-13 13:40:53.283');
INSERT INTO USR_SEC_GRP (USR_ID, USR_ROLE_CD, CRE8_TS, LST_UID, LST_UPDT_TS) VALUES ('sadc002', 10935, '1929-12-10 00:00:00.000', '2019-03-', '2019-03-26 15:21:39.850');
INSERT INTO USR_SEC_GRP (USR_ID, USR_ROLE_CD, CRE8_TS, LST_UID, LST_UPDT_TS) VALUES ('sadc002', 11952, '1932-09-22 00:00:00.000', '2019-01-', '2019-01-07 17:00:49.357');
INSERT INTO USR_SEC_GRP (USR_ID, USR_ROLE_CD, CRE8_TS, LST_UID, LST_UPDT_TS) VALUES ('sadc003', 7939, '1921-09-27 00:00:00.000', '2016-10-', '2016-10-13 14:15:35.817');
INSERT INTO USR_SEC_GRP (USR_ID, USR_ROLE_CD, CRE8_TS, LST_UID, LST_UPDT_TS) VALUES ('sadc003', 7941, '1921-09-29 00:00:00.000', '2016-10-', '2016-10-13 14:19:44.967');
INSERT INTO USR_SEC_GRP (USR_ID, USR_ROLE_CD, CRE8_TS, LST_UID, LST_UPDT_TS) VALUES ('sadc003', 10935, '1929-12-10 00:00:00.000', '2016-10-', '2016-10-13 17:06:57.063');
INSERT INTO USR_SEC_GRP (USR_ID, USR_ROLE_CD, CRE8_TS, LST_UID, LST_UPDT_TS) VALUES ('sadc004', 7941, '1921-09-29 00:00:00.000', '2017-05-', '2017-05-26 10:07:49.987');
INSERT INTO USR_SEC_GRP (USR_ID, USR_ROLE_CD, CRE8_TS, LST_UID, LST_UPDT_TS) VALUES ('sadc004', 11952, '1932-09-22 00:00:00.000', '2016-12-', '2016-12-05 12:52:04.360');
INSERT INTO USR_SEC_GRP (USR_ID, USR_ROLE_CD, CRE8_TS, LST_UID, LST_UPDT_TS) VALUES ('sadc004', 14996, '1941-01-22 00:00:00.000', '2017-06-', '2017-06-14 11:15:21.427');
INSERT INTO USR_SEC_GRP (USR_ID, USR_ROLE_CD, CRE8_TS, LST_UID, LST_UPDT_TS) VALUES ('sadc005', 7941, '1921-09-29 00:00:00.000', '2017-05-', '2017-05-31 14:17:08.457');
INSERT INTO USR_SEC_GRP (USR_ID, USR_ROLE_CD, CRE8_TS, LST_UID, LST_UPDT_TS) VALUES ('sadc005', 10935, '1929-12-10 00:00:00.000', '2017-05-', '2017-05-31 14:17:26.617');
INSERT INTO USR_SEC_GRP (USR_ID, USR_ROLE_CD, CRE8_TS, LST_UID, LST_UPDT_TS) VALUES ('sadc005', 13981, '1938-04-13 00:00:00.000', '2017-08-', '2017-08-28 12:51:15.127');
INSERT INTO USR_SEC_GRP (USR_ID, USR_ROLE_CD, CRE8_TS, LST_UID, LST_UPDT_TS) VALUES ('sadc006', 7941, '1921-09-29 00:00:00.000', '2017-07-', '2017-07-14 15:25:58.613');
INSERT INTO USR_SEC_GRP (USR_ID, USR_ROLE_CD, CRE8_TS, LST_UID, LST_UPDT_TS) VALUES ('sadc008', 7941, '1921-09-29 00:00:00.000', '2018-05-', '2018-05-01 09:54:33.370');
INSERT INTO USR_SEC_GRP (USR_ID, USR_ROLE_CD, CRE8_TS, LST_UID, LST_UPDT_TS) VALUES ('sadc009', 7941, '1921-09-29 00:00:00.000', '2019-01-', '2019-01-02 14:23:58.983');
INSERT INTO USR_SEC_GRP (USR_ID, USR_ROLE_CD, CRE8_TS, LST_UID, LST_UPDT_TS) VALUES ('v357407', 7941, '1921-09-29 00:00:00.000', '2018-02-', '2018-02-22 14:53:26.963');
INSERT INTO USR_SEC_GRP (USR_ID, USR_ROLE_CD, CRE8_TS, LST_UID, LST_UPDT_TS) VALUES ('VN01189', 7941, '1921-09-29 00:00:00.000', '2018-07-', '2018-07-31 04:03:27.430');
INSERT INTO USR_SEC_GRP (USR_ID, USR_ROLE_CD, CRE8_TS, LST_UID, LST_UPDT_TS) VALUES ('vn02152', 10935, '1929-12-10 00:00:00.000', '2018-01-', '2018-01-10 04:32:27.640');
INSERT INTO USR_SEC_GRP (USR_ID, USR_ROLE_CD, CRE8_TS, LST_UID, LST_UPDT_TS) VALUES ('vn02550', 7941, '1921-09-29 00:00:00.000', '2018-07-', '2018-07-30 15:58:56.467');
INSERT INTO USR_SEC_GRP (USR_ID, USR_ROLE_CD, CRE8_TS, LST_UID, LST_UPDT_TS) VALUES ('vn02644', 14996, '1941-01-22 00:00:00.000', '2018-01-', '2018-01-10 04:20:03.813');
INSERT INTO USR_SEC_GRP (USR_ID, USR_ROLE_CD, CRE8_TS, LST_UID, LST_UPDT_TS) VALUES ('vn74013', 7941, '1921-09-29 00:00:00.000', '2018-04-', '2018-04-25 12:03:27.453');
INSERT INTO USR_SEC_GRP (USR_ID, USR_ROLE_CD, CRE8_TS, LST_UID, LST_UPDT_TS) VALUES ('vn74013', 10935, '1929-12-10 00:00:00.000', '2019-03-', '2019-03-26 15:18:48.257');
INSERT INTO USR_SEC_GRP (USR_ID, USR_ROLE_CD, CRE8_TS, LST_UID, LST_UPDT_TS) VALUES ('vn78381', 7941, '1921-09-29 00:00:00.000', '2019-04-', '2019-04-09 12:30:49.387');
INSERT INTO USR_SEC_GRP (USR_ID, USR_ROLE_CD, CRE8_TS, LST_UID, LST_UPDT_TS) VALUES ('vn83113', 7941, '1921-09-29 00:00:00.000', '2018-05-', '2018-05-24 14:58:16.293');
INSERT INTO USR_SEC_GRP (USR_ID, USR_ROLE_CD, CRE8_TS, LST_UID, LST_UPDT_TS) VALUES ('vn83113', 11952, '1932-09-22 00:00:00.000', '2018-10-', '2018-10-29 09:59:05.520');
INSERT INTO USR_SEC_GRP (USR_ID, USR_ROLE_CD, CRE8_TS, LST_UID, LST_UPDT_TS) VALUES ('vn94553', 14996, '1941-01-22 00:00:00.000', '2018-01-', '2018-01-10 04:27:05.110');

-----------------------------------------
-- JOB_CD
-----------------------------------------
insert into JOB_CD (JOB_CD, JOB_DES) values ('004563', 'Test Job Code');

-----------------------------------------
-- USR_ROLE_JOB_CD
-----------------------------------------
insert into USR_ROLE_JOB_CD (USR_ROLE_CD, JOB_CD) values (10935, '004563');
