-- Case Codes
INSERT INTO EMD.CASE_CD (CS_CD, CS_ABB, CS_DES) VALUES ('artcl', 'artcle', 'Part of speech is an Article');
INSERT INTO EMD.CASE_CD (CS_CD, CS_ABB, CS_DES) VALUES ('cap1', 'cap1', 'Capitalize the first letter');
INSERT INTO EMD.CASE_CD (CS_CD, CS_ABB, CS_DES) VALUES ('conjs', 'conjs', 'Coordinating conjunctions are lower cased');
INSERT INTO EMD.CASE_CD (CS_CD, CS_ABB, CS_DES) VALUES ('lower', 'lower', 'Lower case all letters');
INSERT INTO EMD.CASE_CD (CS_CD, CS_ABB, CS_DES) VALUES ('preps', 'preps', 'Preps word length>=4 r capitalized, shorter aren''t');
INSERT INTO EMD.CASE_CD (CS_CD, CS_ABB, CS_DES) VALUES ('upper', 'upper', 'Capitalize all letters');
INSERT INTO EMD.CASE_CD (CS_CD, CS_ABB, CS_DES) VALUES ('mixed', 'mixed', 'mixed');

-- Word Codes
INSERT INTO EMD.WORD_CD (WORD_CD, WORD_ABB, WORD_DES) VALUES ('baned', 'banned', 'banned');
INSERT INTO EMD.WORD_CD (WORD_CD, WORD_ABB, WORD_DES) VALUES ('fix', 'fix', 'fix');
INSERT INTO EMD.WORD_CD (WORD_CD, WORD_ABB, WORD_DES) VALUES ('reviw', 'review', 'review');
INSERT INTO EMD.WORD_CD (WORD_CD, WORD_ABB, WORD_DES) VALUES ('sugst', 'suggst', 'suggst');
INSERT INTO EMD.WORD_CD (WORD_CD, WORD_ABB, WORD_DES) VALUES ('valid', 'valid', 'valid');

-- Vocabulary
INSERT INTO EMD.VOCABULARY (WORD_TXT, WORD_CD, CS_CD, LST_UPDT_TS, LST_UPDT_UID, ACTV_SW) VALUES ('alibaba', 'baned', 'mixed', TO_TIMESTAMP('2017-06-29 00:00:00.000000', 'YYYY-MM-DD HH24:MI:SS.FF6'), 'sadc002', 'Y');
INSERT INTO EMD.VOCABULARY (WORD_TXT, WORD_CD, CS_CD, LST_UPDT_TS, LST_UPDT_UID, ACTV_SW) VALUES ('testone', 'baned', 'lower', TO_TIMESTAMP('2017-07-04 21:50:34.295000', 'YYYY-MM-DD HH24:MI:SS.FF6'), 'v357407', 'Y');
INSERT INTO EMD.VOCABULARY (WORD_TXT, WORD_CD, CS_CD, LST_UPDT_TS, LST_UPDT_UID, ACTV_SW) VALUES ('dumbshit', 'baned', 'lower', TO_TIMESTAMP('2031-10-13 07:04:31.000000', 'YYYY-MM-DD HH24:MI:SS.FF6'), 'initload', 'Y');
INSERT INTO EMD.VOCABULARY (WORD_TXT, WORD_CD, CS_CD, LST_UPDT_TS, LST_UPDT_UID, ACTV_SW) VALUES ('dumbshits', 'baned', 'lower', TO_TIMESTAMP('2031-10-13 07:04:31.000000', 'YYYY-MM-DD HH24:MI:SS.FF6'), 'initload', 'Y');
INSERT INTO EMD.VOCABULARY (WORD_TXT, WORD_CD, CS_CD, LST_UPDT_TS, LST_UPDT_UID, ACTV_SW) VALUES ('cunt', 'baned', 'lower', TO_TIMESTAMP('2031-10-13 07:04:31.000000', 'YYYY-MM-DD HH24:MI:SS.FF6'), 'initload', 'Y');
INSERT INTO EMD.VOCABULARY (WORD_TXT, WORD_CD, CS_CD, LST_UPDT_TS, LST_UPDT_UID, ACTV_SW) VALUES ('cunts', 'baned', 'lower', TO_TIMESTAMP('2031-10-13 07:04:31.000000', 'YYYY-MM-DD HH24:MI:SS.FF6'), 'initload', 'Y');
INSERT INTO EMD.VOCABULARY (WORD_TXT, WORD_CD, CS_CD, LST_UPDT_TS, LST_UPDT_UID, ACTV_SW) VALUES ('damn', 'baned', 'lower', TO_TIMESTAMP('2031-10-13 07:04:32.000000', 'YYYY-MM-DD HH24:MI:SS.FF6'), 'initload', 'Y');
INSERT INTO EMD.VOCABULARY (WORD_TXT, WORD_CD, CS_CD, LST_UPDT_TS, LST_UPDT_UID, ACTV_SW) VALUES ('damned', 'baned', 'lower', TO_TIMESTAMP('2031-10-13 07:04:32.000000', 'YYYY-MM-DD HH24:MI:SS.FF6'), 'initload', 'Y');
INSERT INTO EMD.VOCABULARY (WORD_TXT, WORD_CD, CS_CD, LST_UPDT_TS, LST_UPDT_UID, ACTV_SW) VALUES ('samarium', 'baned', 'lower', TO_TIMESTAMP('2016-01-21 21:18:15.258000', 'YYYY-MM-DD HH24:MI:SS.FF6'), 'v357407', 'Y');
INSERT INTO EMD.VOCABULARY (WORD_TXT, WORD_CD, CS_CD, LST_UPDT_TS, LST_UPDT_UID, ACTV_SW) VALUES ('sambaed', 'baned', 'upper', TO_TIMESTAMP('2016-01-21 21:18:45.867000', 'YYYY-MM-DD HH24:MI:SS.FF6'), 'v357407', 'Y');
INSERT INTO EMD.VOCABULARY (WORD_TXT, WORD_CD, CS_CD, LST_UPDT_TS, LST_UPDT_UID, ACTV_SW) VALUES ('sambaing', 'baned', 'lower', TO_TIMESTAMP('2016-01-21 21:18:15.258000', 'YYYY-MM-DD HH24:MI:SS.FF6'), 'v357407', 'Y');
INSERT INTO EMD.VOCABULARY (WORD_TXT, WORD_CD, CS_CD, LST_UPDT_TS, LST_UPDT_UID, ACTV_SW) VALUES ('dyke', 'baned', 'lower', TO_TIMESTAMP('2031-10-13 07:04:30.000000', 'YYYY-MM-DD HH24:MI:SS.FF6'), 'initload', 'Y');
INSERT INTO EMD.VOCABULARY (WORD_TXT, WORD_CD, CS_CD, LST_UPDT_TS, LST_UPDT_UID, ACTV_SW) VALUES ('dykes', 'baned', 'lower', TO_TIMESTAMP('2031-10-13 07:04:30.000000', 'YYYY-MM-DD HH24:MI:SS.FF6'), 'initload', 'Y');
INSERT INTO EMD.VOCABULARY (WORD_TXT, WORD_CD, CS_CD, LST_UPDT_TS, LST_UPDT_UID, ACTV_SW) VALUES ('roda', 'baned', 'cap1', TO_TIMESTAMP('2016-02-15 17:19:00.450000', 'YYYY-MM-DD HH24:MI:SS.FF6'), 'v357407', 'Y');
INSERT INTO EMD.VOCABULARY (WORD_TXT, WORD_CD, CS_CD, LST_UPDT_TS, LST_UPDT_UID, ACTV_SW) VALUES ('nude', 'baned', 'cap1', TO_TIMESTAMP('2016-02-15 17:19:00.450000', 'YYYY-MM-DD HH24:MI:SS.FF6'), 'v357407', 'Y');
INSERT INTO EMD.VOCABULARY (WORD_TXT, WORD_CD, CS_CD, LST_UPDT_TS, LST_UPDT_UID, ACTV_SW) VALUES ('bAD', 'baned', 'mixed', TO_TIMESTAMP('2016-03-01 10:50:42.545000', 'YYYY-MM-DD HH24:MI:SS.FF6'), 'v357407', 'Y');
INSERT INTO EMD.VOCABULARY (WORD_TXT, WORD_CD, CS_CD, LST_UPDT_TS, LST_UPDT_UID, ACTV_SW) VALUES ('bAD', 'baned', 'cap1', TO_TIMESTAMP('2016-03-01 10:51:20.533000', 'YYYY-MM-DD HH24:MI:SS.FF6'), 'v357407', 'Y');
INSERT INTO EMD.VOCABULARY (WORD_TXT, WORD_CD, CS_CD, LST_UPDT_TS, LST_UPDT_UID, ACTV_SW) VALUES ('fags', 'baned', 'lower', TO_TIMESTAMP('2031-10-13 07:04:30.000000', 'YYYY-MM-DD HH24:MI:SS.FF6'), 'initload', 'Y');
INSERT INTO EMD.VOCABULARY (WORD_TXT, WORD_CD, CS_CD, LST_UPDT_TS, LST_UPDT_UID, ACTV_SW) VALUES ('arr', 'baned', 'cap1', TO_TIMESTAMP('2016-02-16 11:39:01.260000', 'YYYY-MM-DD HH24:MI:SS.FF6'), 'v357407', 'Y');
INSERT INTO EMD.VOCABULARY (WORD_TXT, WORD_CD, CS_CD, LST_UPDT_TS, LST_UPDT_UID, ACTV_SW) VALUES ('arrrr', 'baned', 'cap1', TO_TIMESTAMP('2016-02-16 11:39:01.260000', 'YYYY-MM-DD HH24:MI:SS.FF6'), 'v357407', 'Y');
INSERT INTO EMD.VOCABULARY (WORD_TXT, WORD_CD, CS_CD, LST_UPDT_TS, LST_UPDT_UID, ACTV_SW) VALUES ('rivalled', 'fix', 'lower', TO_TIMESTAMP('2031-10-13 07:49:48.000000', 'YYYY-MM-DD HH24:MI:SS.FF6'), 'initload', 'Y');
INSERT INTO EMD.VOCABULARY (WORD_TXT, WORD_CD, CS_CD, LST_UPDT_TS, LST_UPDT_UID, ACTV_SW) VALUES ('sabre', 'fix', 'lower', TO_TIMESTAMP('2031-10-13 07:50:12.000000', 'YYYY-MM-DD HH24:MI:SS.FF6'), 'initload', 'Y');
INSERT INTO EMD.VOCABULARY (WORD_TXT, WORD_CD, CS_CD, LST_UPDT_TS, LST_UPDT_UID, ACTV_SW) VALUES ('saviour', 'fix', 'lower', TO_TIMESTAMP('2031-10-13 07:50:33.000000', 'YYYY-MM-DD HH24:MI:SS.FF6'), 'initload', 'Y');
INSERT INTO EMD.VOCABULARY (WORD_TXT, WORD_CD, CS_CD, LST_UPDT_TS, LST_UPDT_UID, ACTV_SW) VALUES ('savour', 'fix', 'lower', TO_TIMESTAMP('2031-10-13 07:50:33.000000', 'YYYY-MM-DD HH24:MI:SS.FF6'), 'initload', 'Y');
INSERT INTO EMD.VOCABULARY (WORD_TXT, WORD_CD, CS_CD, LST_UPDT_TS, LST_UPDT_UID, ACTV_SW) VALUES ('savoury', 'fix', 'lower', TO_TIMESTAMP('2031-10-13 07:50:33.000000', 'YYYY-MM-DD HH24:MI:SS.FF6'), 'initload', 'Y');
INSERT INTO EMD.VOCABULARY (WORD_TXT, WORD_CD, CS_CD, LST_UPDT_TS, LST_UPDT_UID, ACTV_SW) VALUES ('sceptre', 'fix', 'lower', TO_TIMESTAMP('2031-10-13 07:50:41.000000', 'YYYY-MM-DD HH24:MI:SS.FF6'), 'initload', 'Y');
INSERT INTO EMD.VOCABULARY (WORD_TXT, WORD_CD, CS_CD, LST_UPDT_TS, LST_UPDT_UID, ACTV_SW) VALUES ('orientate', 'fix', 'lower', TO_TIMESTAMP('2031-10-13 07:42:49.000000', 'YYYY-MM-DD HH24:MI:SS.FF6'), 'initload', 'Y');
INSERT INTO EMD.VOCABULARY (WORD_TXT, WORD_CD, CS_CD, LST_UPDT_TS, LST_UPDT_UID, ACTV_SW) VALUES ('orientated', 'fix', 'lower', TO_TIMESTAMP('2031-10-13 07:42:49.000000', 'YYYY-MM-DD HH24:MI:SS.FF6'), 'initload', 'Y');
INSERT INTO EMD.VOCABULARY (WORD_TXT, WORD_CD, CS_CD, LST_UPDT_TS, LST_UPDT_UID, ACTV_SW) VALUES ('parlour', 'fix', 'lower', TO_TIMESTAMP('2031-10-13 07:43:57.000000', 'YYYY-MM-DD HH24:MI:SS.FF6'), 'initload', 'Y');
INSERT INTO EMD.VOCABULARY (WORD_TXT, WORD_CD, CS_CD, LST_UPDT_TS, LST_UPDT_UID, ACTV_SW) VALUES ('outlaying', 'fix', 'lower', TO_TIMESTAMP('2031-10-13 07:42:59.000000', 'YYYY-MM-DD HH24:MI:SS.FF6'), 'initload', 'Y');
INSERT INTO EMD.VOCABULARY (WORD_TXT, WORD_CD, CS_CD, LST_UPDT_TS, LST_UPDT_UID, ACTV_SW) VALUES ('outputted', 'fix', 'lower', TO_TIMESTAMP('2031-10-13 07:43:01.000000', 'YYYY-MM-DD HH24:MI:SS.FF6'), 'initload', 'Y');
INSERT INTO EMD.VOCABULARY (WORD_TXT, WORD_CD, CS_CD, LST_UPDT_TS, LST_UPDT_UID, ACTV_SW) VALUES ('p ', 'fix', 'upper', TO_TIMESTAMP('2001-11-13 03:47:23.000000', 'YYYY-MM-DD HH24:MI:SS.FF6'), 'initload', 'Y');
INSERT INTO EMD.VOCABULARY (WORD_TXT, WORD_CD, CS_CD, LST_UPDT_TS, LST_UPDT_UID, ACTV_SW) VALUES ('pajama', 'fix', 'lower', TO_TIMESTAMP('2031-10-13 07:43:39.000000', 'YYYY-MM-DD HH24:MI:SS.FF6'), 'initload', 'Y');
INSERT INTO EMD.VOCABULARY (WORD_TXT, WORD_CD, CS_CD, LST_UPDT_TS, LST_UPDT_UID, ACTV_SW) VALUES ('paneled', 'fix', 'lower', TO_TIMESTAMP('2031-10-13 07:43:46.000000', 'YYYY-MM-DD HH24:MI:SS.FF6'), 'initload', 'Y');
INSERT INTO EMD.VOCABULARY (WORD_TXT, WORD_CD, CS_CD, LST_UPDT_TS, LST_UPDT_UID, ACTV_SW) VALUES ('paneling', 'fix', 'lower', TO_TIMESTAMP('2031-10-13 07:43:46.000000', 'YYYY-MM-DD HH24:MI:SS.FF6'), 'initload', 'Y');
INSERT INTO EMD.VOCABULARY (WORD_TXT, WORD_CD, CS_CD, LST_UPDT_TS, LST_UPDT_UID, ACTV_SW) VALUES ('panelled', 'fix', 'lower', TO_TIMESTAMP('2031-10-13 07:43:47.000000', 'YYYY-MM-DD HH24:MI:SS.FF6'), 'initload', 'Y');
INSERT INTO EMD.VOCABULARY (WORD_TXT, WORD_CD, CS_CD, LST_UPDT_TS, LST_UPDT_UID, ACTV_SW) VALUES ('panelling', 'fix', 'lower', TO_TIMESTAMP('2031-10-13 07:43:47.000000', 'YYYY-MM-DD HH24:MI:SS.FF6'), 'initload', 'Y');
INSERT INTO EMD.VOCABULARY (WORD_TXT, WORD_CD, CS_CD, LST_UPDT_TS, LST_UPDT_UID, ACTV_SW) VALUES ('odour', 'fix', 'lower', TO_TIMESTAMP('2031-10-13 07:42:28.000000', 'YYYY-MM-DD HH24:MI:SS.FF6'), 'initload', 'Y');
INSERT INTO EMD.VOCABULARY (WORD_TXT, WORD_CD, CS_CD, LST_UPDT_TS, LST_UPDT_UID, ACTV_SW) VALUES ('offence', 'fix', 'lower', TO_TIMESTAMP('2031-10-13 07:42:29.000000', 'YYYY-MM-DD HH24:MI:SS.FF6'), 'initload', 'Y');
INSERT INTO EMD.VOCABULARY (WORD_TXT, WORD_CD, CS_CD, LST_UPDT_TS, LST_UPDT_UID, ACTV_SW) VALUES ('eery', 'fix', 'lower', TO_TIMESTAMP('2031-10-13 07:27:58.000000', 'YYYY-MM-DD HH24:MI:SS.FF6'), 'initload', 'Y');
INSERT INTO EMD.VOCABULARY (WORD_TXT, WORD_CD, CS_CD, LST_UPDT_TS, LST_UPDT_UID, ACTV_SW) VALUES ('tes', 'reviw', 'cap1', TO_TIMESTAMP('2018-06-20 00:00:00.000000', 'YYYY-MM-DD HH24:MI:SS.FF6'), 'Sadc001', 'Y');
INSERT INTO EMD.VOCABULARY (WORD_TXT, WORD_CD, CS_CD, LST_UPDT_TS, LST_UPDT_UID, ACTV_SW) VALUES ('fsa', 'reviw', 'conjs', TO_TIMESTAMP('2017-06-23 00:00:00.000000', 'YYYY-MM-DD HH24:MI:SS.FF6'), 'sadc002', 'Y');
INSERT INTO EMD.VOCABULARY (WORD_TXT, WORD_CD, CS_CD, LST_UPDT_TS, LST_UPDT_UID, ACTV_SW) VALUES ('Brach''s', 'reviw', 'cap1', TO_TIMESTAMP('2019-03-11 00:00:00.000000', 'YYYY-MM-DD HH24:MI:SS.FF6'), 'sadc001', 'Y');
INSERT INTO EMD.VOCABULARY (WORD_TXT, WORD_CD, CS_CD, LST_UPDT_TS, LST_UPDT_UID, ACTV_SW) VALUES ('testeight', 'sugst', 'upper', TO_TIMESTAMP('2001-11-13 03:45:02.000000', 'YYYY-MM-DD HH24:MI:SS.FF6'), 'initload', 'Y');
INSERT INTO EMD.VOCABULARY (WORD_TXT, WORD_CD, CS_CD, LST_UPDT_TS, LST_UPDT_UID, ACTV_SW) VALUES ('drinked', 'sugst', 'lower', TO_TIMESTAMP('2001-11-13 03:45:02.000000', 'YYYY-MM-DD HH24:MI:SS.FF6'), 'initload', 'Y');
INSERT INTO EMD.VOCABULARY (WORD_TXT, WORD_CD, CS_CD, LST_UPDT_TS, LST_UPDT_UID, ACTV_SW) VALUES ('drived', 'sugst', 'lower', TO_TIMESTAMP('2001-11-13 03:45:03.000000', 'YYYY-MM-DD HH24:MI:SS.FF6'), 'initload', 'Y');
INSERT INTO EMD.VOCABULARY (WORD_TXT, WORD_CD, CS_CD, LST_UPDT_TS, LST_UPDT_UID, ACTV_SW) VALUES ('drnik', 'sugst', 'lower', TO_TIMESTAMP('2001-11-13 03:45:03.000000', 'YYYY-MM-DD HH24:MI:SS.FF6'), 'initload', 'Y');
INSERT INTO EMD.VOCABULARY (WORD_TXT, WORD_CD, CS_CD, LST_UPDT_TS, LST_UPDT_UID, ACTV_SW) VALUES ('droped', 'sugst', 'lower', TO_TIMESTAMP('2001-11-13 03:45:03.000000', 'YYYY-MM-DD HH24:MI:SS.FF6'), 'initload', 'Y');
INSERT INTO EMD.VOCABULARY (WORD_TXT, WORD_CD, CS_CD, LST_UPDT_TS, LST_UPDT_UID, ACTV_SW) VALUES ('druing', 'sugst', 'lower', TO_TIMESTAMP('2001-11-13 03:45:03.000000', 'YYYY-MM-DD HH24:MI:SS.FF6'), 'initload', 'Y');
INSERT INTO EMD.VOCABULARY (WORD_TXT, WORD_CD, CS_CD, LST_UPDT_TS, LST_UPDT_UID, ACTV_SW) VALUES ('drumed', 'sugst', 'lower', TO_TIMESTAMP('2001-11-13 03:45:03.000000', 'YYYY-MM-DD HH24:MI:SS.FF6'), 'initload', 'Y');
INSERT INTO EMD.VOCABULARY (WORD_TXT, WORD_CD, CS_CD, LST_UPDT_TS, LST_UPDT_UID, ACTV_SW) VALUES ('drumer', 'sugst', 'lower', TO_TIMESTAMP('2001-11-13 03:45:03.000000', 'YYYY-MM-DD HH24:MI:SS.FF6'), 'initload', 'Y');
INSERT INTO EMD.VOCABULARY (WORD_TXT, WORD_CD, CS_CD, LST_UPDT_TS, LST_UPDT_UID, ACTV_SW) VALUES ('druming', 'sugst', 'lower', TO_TIMESTAMP('2001-11-13 03:45:03.000000', 'YYYY-MM-DD HH24:MI:SS.FF6'), 'initload', 'Y');
INSERT INTO EMD.VOCABULARY (WORD_TXT, WORD_CD, CS_CD, LST_UPDT_TS, LST_UPDT_UID, ACTV_SW) VALUES ('drumms', 'sugst', 'lower', TO_TIMESTAMP('2001-11-13 03:45:03.000000', 'YYYY-MM-DD HH24:MI:SS.FF6'), 'initload', 'Y');
INSERT INTO EMD.VOCABULARY (WORD_TXT, WORD_CD, CS_CD, LST_UPDT_TS, LST_UPDT_UID, ACTV_SW) VALUES ('dryed', 'sugst', 'lower', TO_TIMESTAMP('2001-11-13 03:45:03.000000', 'YYYY-MM-DD HH24:MI:SS.FF6'), 'initload', 'Y');
INSERT INTO EMD.VOCABULARY (WORD_TXT, WORD_CD, CS_CD, LST_UPDT_TS, LST_UPDT_UID, ACTV_SW) VALUES ('duaghter', 'sugst', 'lower', TO_TIMESTAMP('2001-11-13 03:45:03.000000', 'YYYY-MM-DD HH24:MI:SS.FF6'), 'initload', 'Y');
INSERT INTO EMD.VOCABULARY (WORD_TXT, WORD_CD, CS_CD, LST_UPDT_TS, LST_UPDT_UID, ACTV_SW) VALUES ('duely', 'sugst', 'lower', TO_TIMESTAMP('2001-11-13 03:45:03.000000', 'YYYY-MM-DD HH24:MI:SS.FF6'), 'initload', 'Y');
INSERT INTO EMD.VOCABULARY (WORD_TXT, WORD_CD, CS_CD, LST_UPDT_TS, LST_UPDT_UID, ACTV_SW) VALUES ('dukeship', 'sugst', 'lower', TO_TIMESTAMP('2001-11-13 03:45:03.000000', 'YYYY-MM-DD HH24:MI:SS.FF6'), 'initload', 'Y');
INSERT INTO EMD.VOCABULARY (WORD_TXT, WORD_CD, CS_CD, LST_UPDT_TS, LST_UPDT_UID, ACTV_SW) VALUES ('correspondet', 'sugst', 'lower', TO_TIMESTAMP('2001-11-13 03:44:50.000000', 'YYYY-MM-DD HH24:MI:SS.FF6'), 'initload', 'Y');
INSERT INTO EMD.VOCABULARY (WORD_TXT, WORD_CD, CS_CD, LST_UPDT_TS, LST_UPDT_UID, ACTV_SW) VALUES ('corrispond', 'sugst', 'lower', TO_TIMESTAMP('2001-11-13 03:44:50.000000', 'YYYY-MM-DD HH24:MI:SS.FF6'), 'initload', 'Y');
INSERT INTO EMD.VOCABULARY (WORD_TXT, WORD_CD, CS_CD, LST_UPDT_TS, LST_UPDT_UID, ACTV_SW) VALUES ('corrispondant', 'sugst', 'lower', TO_TIMESTAMP('2001-11-13 03:44:50.000000', 'YYYY-MM-DD HH24:MI:SS.FF6'), 'initload', 'Y');
INSERT INTO EMD.VOCABULARY (WORD_TXT, WORD_CD, CS_CD, LST_UPDT_TS, LST_UPDT_UID, ACTV_SW) VALUES ('corrispondants', 'sugst', 'lower', TO_TIMESTAMP('2001-11-13 03:44:50.000000', 'YYYY-MM-DD HH24:MI:SS.FF6'), 'initload', 'Y');
INSERT INTO EMD.VOCABULARY (WORD_TXT, WORD_CD, CS_CD, LST_UPDT_TS, LST_UPDT_UID, ACTV_SW) VALUES ('corrisponded', 'sugst', 'lower', TO_TIMESTAMP('2001-11-13 03:44:51.000000', 'YYYY-MM-DD HH24:MI:SS.FF6'), 'initload', 'Y');
INSERT INTO EMD.VOCABULARY (WORD_TXT, WORD_CD, CS_CD, LST_UPDT_TS, LST_UPDT_UID, ACTV_SW) VALUES ('corrisponding', 'sugst', 'lower', TO_TIMESTAMP('2001-11-13 03:44:51.000000', 'YYYY-MM-DD HH24:MI:SS.FF6'), 'initload', 'Y');
INSERT INTO EMD.VOCABULARY (WORD_TXT, WORD_CD, CS_CD, LST_UPDT_TS, LST_UPDT_UID, ACTV_SW) VALUES ('tomaSo', 'valid', 'mixed', TO_TIMESTAMP('2016-02-02 13:36:49.972000', 'YYYY-MM-DD HH24:MI:SS.FF6'), 'v357407', 'Y');
INSERT INTO EMD.VOCABULARY (WORD_TXT, WORD_CD, CS_CD, LST_UPDT_TS, LST_UPDT_UID, ACTV_SW) VALUES ('alibaba', 'valid', 'cap1', TO_TIMESTAMP('2031-10-13 07:27:31.000000', 'YYYY-MM-DD HH24:MI:SS.FF6'), 'initload', 'Y');
INSERT INTO EMD.VOCABULARY (WORD_TXT, WORD_CD, CS_CD, LST_UPDT_TS, LST_UPDT_UID, ACTV_SW) VALUES ('bigband', 'valid', 'lower', TO_TIMESTAMP('2016-02-01 17:50:11.121000', 'YYYY-MM-DD HH24:MI:SS.FF6'), 'c138745', 'Y');
INSERT INTO EMD.VOCABULARY (WORD_TXT, WORD_CD, CS_CD, LST_UPDT_TS, LST_UPDT_UID, ACTV_SW) VALUES ('testone', 'valid', 'cap1', TO_TIMESTAMP('2031-10-13 07:27:31.000000', 'YYYY-MM-DD HH24:MI:SS.FF6'), 'initload', 'Y');
INSERT INTO EMD.VOCABULARY (WORD_TXT, WORD_CD, CS_CD, LST_UPDT_TS, LST_UPDT_UID, ACTV_SW) VALUES ('testtwo', 'valid', 'mixed', TO_TIMESTAMP('2016-02-02 13:36:49.972000', 'YYYY-MM-DD HH24:MI:SS.FF6'), 'v357407', 'Y');
INSERT INTO EMD.VOCABULARY (WORD_TXT, WORD_CD, CS_CD, LST_UPDT_TS, LST_UPDT_UID, ACTV_SW) VALUES ('testtwo', 'valid', 'upper', TO_TIMESTAMP('2031-10-13 07:27:31.000000', 'YYYY-MM-DD HH24:MI:SS.FF6'), 'initload', 'Y');
INSERT INTO EMD.VOCABULARY (WORD_TXT, WORD_CD, CS_CD, LST_UPDT_TS, LST_UPDT_UID, ACTV_SW) VALUES ('testthree', 'valid', 'mixed', TO_TIMESTAMP('2031-10-13 07:27:31.000000', 'YYYY-MM-DD HH24:MI:SS.FF6'), 'initload', 'Y');
INSERT INTO EMD.VOCABULARY (WORD_TXT, WORD_CD, CS_CD, LST_UPDT_TS, LST_UPDT_UID, ACTV_SW) VALUES ('testfour', 'valid', 'mixed', TO_TIMESTAMP('2016-02-02 13:36:49.972000', 'YYYY-MM-DD HH24:MI:SS.FF6'), 'v357407', 'Y');
INSERT INTO EMD.VOCABULARY (WORD_TXT, WORD_CD, CS_CD, LST_UPDT_TS, LST_UPDT_UID, ACTV_SW) VALUES ('testfour', 'valid', 'upper', TO_TIMESTAMP('2031-10-13 07:27:31.000000', 'YYYY-MM-DD HH24:MI:SS.FF6'), 'initload', 'Y');
INSERT INTO EMD.VOCABULARY (WORD_TXT, WORD_CD, CS_CD, LST_UPDT_TS, LST_UPDT_UID, ACTV_SW) VALUES ('testfour', 'valid', 'cap1', TO_TIMESTAMP('2031-10-13 07:27:31.000000', 'YYYY-MM-DD HH24:MI:SS.FF6'), 'initload', 'Y');
INSERT INTO EMD.VOCABULARY (WORD_TXT, WORD_CD, CS_CD, LST_UPDT_TS, LST_UPDT_UID, ACTV_SW) VALUES ('testfive', 'valid', 'upper', TO_TIMESTAMP('2016-01-15 10:33:30.902000', 'YYYY-MM-DD HH24:MI:SS.FF6'), 'v357407', 'Y');
INSERT INTO EMD.VOCABULARY (WORD_TXT, WORD_CD, CS_CD, LST_UPDT_TS, LST_UPDT_UID, ACTV_SW) VALUES ('testfive', 'valid', 'lower', TO_TIMESTAMP('2031-10-13 07:27:31.000000', 'YYYY-MM-DD HH24:MI:SS.FF6'), 'initload', 'Y');
INSERT INTO EMD.VOCABULARY (WORD_TXT, WORD_CD, CS_CD, LST_UPDT_TS, LST_UPDT_UID, ACTV_SW) VALUES ('testsix', 'valid', 'upper', TO_TIMESTAMP('2031-10-13 07:27:31.000000', 'YYYY-MM-DD HH24:MI:SS.FF6'), 'initload', 'Y');
INSERT INTO EMD.VOCABULARY (WORD_TXT, WORD_CD, CS_CD, LST_UPDT_TS, LST_UPDT_UID, ACTV_SW) VALUES ('testsix', 'valid', 'cap1', TO_TIMESTAMP('2031-10-13 07:27:31.000000', 'YYYY-MM-DD HH24:MI:SS.FF6'), 'initload', 'Y');
INSERT INTO EMD.VOCABULARY (WORD_TXT, WORD_CD, CS_CD, LST_UPDT_TS, LST_UPDT_UID, ACTV_SW) VALUES ('testsix', 'valid', 'lower', TO_TIMESTAMP('2031-10-13 07:27:31.000000', 'YYYY-MM-DD HH24:MI:SS.FF6'), 'initload', 'Y');
INSERT INTO EMD.VOCABULARY (WORD_TXT, WORD_CD, CS_CD, LST_UPDT_TS, LST_UPDT_UID, ACTV_SW) VALUES ('testseven', 'valid', 'lower', TO_TIMESTAMP('2016-01-15 11:03:40.620000', 'YYYY-MM-DD HH24:MI:SS.FF6'), 'v357407', 'Y');
INSERT INTO EMD.VOCABULARY (WORD_TXT, WORD_CD, CS_CD, LST_UPDT_TS, LST_UPDT_UID, ACTV_SW) VALUES ('testseven', 'valid', 'upper', TO_TIMESTAMP('2031-10-13 07:27:31.000000', 'YYYY-MM-DD HH24:MI:SS.FF6'), 'initload', 'Y');
INSERT INTO EMD.VOCABULARY (WORD_TXT, WORD_CD, CS_CD, LST_UPDT_TS, LST_UPDT_UID, ACTV_SW) VALUES ('testseven', 'valid', 'cap1', TO_TIMESTAMP('2016-01-15 10:51:24.479000', 'YYYY-MM-DD HH24:MI:SS.FF6'), 'v357407', 'Y');
INSERT INTO EMD.VOCABULARY (WORD_TXT, WORD_CD, CS_CD, LST_UPDT_TS, LST_UPDT_UID, ACTV_SW) VALUES ('testnine', 'valid', 'mixed', TO_TIMESTAMP('2031-10-13 07:27:31.000000', 'YYYY-MM-DD HH24:MI:SS.FF6'), 'initload', 'Y');
INSERT INTO EMD.VOCABULARY (WORD_TXT, WORD_CD, CS_CD, LST_UPDT_TS, LST_UPDT_UID, ACTV_SW) VALUES ('testnine', 'valid', 'cap1', TO_TIMESTAMP('2031-10-13 07:27:31.000000', 'YYYY-MM-DD HH24:MI:SS.FF6'), 'initload', 'Y');


-- Suggestions
INSERT INTO EMD.SUGGESTION (WORD_TXT, CORR_TXT, ACTV_SW, LST_UPDT_TS, LST_UPDT_UID) VALUES ('drinked', 'drank', 'Y', TO_TIMESTAMP('2013-11-27 10:51:41.675000', 'YYYY-MM-DD HH24:MI:SS.FF6'), 'initload');
INSERT INTO EMD.SUGGESTION (WORD_TXT, CORR_TXT, ACTV_SW, LST_UPDT_TS, LST_UPDT_UID) VALUES ('drnik', 'drink', 'Y', TO_TIMESTAMP('2013-11-27 10:51:41.675000', 'YYYY-MM-DD HH24:MI:SS.FF6'), 'initload');
INSERT INTO EMD.SUGGESTION (WORD_TXT, CORR_TXT, ACTV_SW, LST_UPDT_TS, LST_UPDT_UID) VALUES ('droped', 'dropped', 'Y', TO_TIMESTAMP('2013-11-27 10:51:41.675000', 'YYYY-MM-DD HH24:MI:SS.FF6'), 'initload');
INSERT INTO EMD.SUGGESTION (WORD_TXT, CORR_TXT, ACTV_SW, LST_UPDT_TS, LST_UPDT_UID) VALUES ('druing', 'during', 'Y', TO_TIMESTAMP('2013-11-27 10:51:41.675000', 'YYYY-MM-DD HH24:MI:SS.FF6'), 'initload');
INSERT INTO EMD.SUGGESTION (WORD_TXT, CORR_TXT, ACTV_SW, LST_UPDT_TS, LST_UPDT_UID) VALUES ('drumed', 'drummed', 'Y', TO_TIMESTAMP('2013-11-27 10:51:41.675000', 'YYYY-MM-DD HH24:MI:SS.FF6'), 'initload');
INSERT INTO EMD.SUGGESTION (WORD_TXT, CORR_TXT, ACTV_SW, LST_UPDT_TS, LST_UPDT_UID) VALUES ('drumer', 'drummer', 'Y', TO_TIMESTAMP('2013-11-27 10:51:41.675000', 'YYYY-MM-DD HH24:MI:SS.FF6'), 'initload');
INSERT INTO EMD.SUGGESTION (WORD_TXT, CORR_TXT, ACTV_SW, LST_UPDT_TS, LST_UPDT_UID) VALUES ('druming', 'drumming', 'Y', TO_TIMESTAMP('2013-11-27 10:51:41.675000', 'YYYY-MM-DD HH24:MI:SS.FF6'), 'initload');
INSERT INTO EMD.SUGGESTION (WORD_TXT, CORR_TXT, ACTV_SW, LST_UPDT_TS, LST_UPDT_UID) VALUES ('drumms', 'drums', 'Y', TO_TIMESTAMP('2013-11-27 10:51:41.675000', 'YYYY-MM-DD HH24:MI:SS.FF6'), 'initload');
INSERT INTO EMD.SUGGESTION (WORD_TXT, CORR_TXT, ACTV_SW, LST_UPDT_TS, LST_UPDT_UID) VALUES ('dryed', 'dried', 'Y', TO_TIMESTAMP('2013-11-27 10:51:41.675000', 'YYYY-MM-DD HH24:MI:SS.FF6'), 'initload');
INSERT INTO EMD.SUGGESTION (WORD_TXT, CORR_TXT, ACTV_SW, LST_UPDT_TS, LST_UPDT_UID) VALUES ('duaghter', 'daughter', 'Y', TO_TIMESTAMP('2013-11-27 10:51:41.675000', 'YYYY-MM-DD HH24:MI:SS.FF6'), 'initload');
INSERT INTO EMD.SUGGESTION (WORD_TXT, CORR_TXT, ACTV_SW, LST_UPDT_TS, LST_UPDT_UID) VALUES ('duely', 'duly', 'Y', TO_TIMESTAMP('2013-11-27 10:51:41.675000', 'YYYY-MM-DD HH24:MI:SS.FF6'), 'initload');
INSERT INTO EMD.SUGGESTION (WORD_TXT, CORR_TXT, ACTV_SW, LST_UPDT_TS, LST_UPDT_UID) VALUES ('dukeship', 'dukedom', 'Y', TO_TIMESTAMP('2013-11-27 10:51:41.675000', 'YYYY-MM-DD HH24:MI:SS.FF6'), 'initload');
INSERT INTO EMD.SUGGESTION (WORD_TXT, CORR_TXT, ACTV_SW, LST_UPDT_TS, LST_UPDT_UID) VALUES ('eery', 'eerie', 'Y', TO_TIMESTAMP('2013-11-27 10:51:41.675000', 'YYYY-MM-DD HH24:MI:SS.FF6'), 'initload');
INSERT INTO EMD.SUGGESTION (WORD_TXT, CORR_TXT, ACTV_SW, LST_UPDT_TS, LST_UPDT_UID) VALUES ('correspondet', 'correspondent', 'Y', TO_TIMESTAMP('2013-11-27 10:51:41.675000', 'YYYY-MM-DD HH24:MI:SS.FF6'), 'initload');
INSERT INTO EMD.SUGGESTION (WORD_TXT, CORR_TXT, ACTV_SW, LST_UPDT_TS, LST_UPDT_UID) VALUES ('corrispond', 'correspond', 'Y', TO_TIMESTAMP('2013-11-27 10:51:41.675000', 'YYYY-MM-DD HH24:MI:SS.FF6'), 'initload');
INSERT INTO EMD.SUGGESTION (WORD_TXT, CORR_TXT, ACTV_SW, LST_UPDT_TS, LST_UPDT_UID) VALUES ('corrispondant', 'correspondent', 'Y', TO_TIMESTAMP('2013-11-27 10:51:41.675000', 'YYYY-MM-DD HH24:MI:SS.FF6'), 'initload');
INSERT INTO EMD.SUGGESTION (WORD_TXT, CORR_TXT, ACTV_SW, LST_UPDT_TS, LST_UPDT_UID) VALUES ('corrispondants', 'correspondents', 'Y', TO_TIMESTAMP('2013-11-27 10:51:41.675000', 'YYYY-MM-DD HH24:MI:SS.FF6'), 'initload');
INSERT INTO EMD.SUGGESTION (WORD_TXT, CORR_TXT, ACTV_SW, LST_UPDT_TS, LST_UPDT_UID) VALUES ('corrisponded', 'corresponded', 'Y', TO_TIMESTAMP('2013-11-27 10:51:41.675000', 'YYYY-MM-DD HH24:MI:SS.FF6'), 'initload');
INSERT INTO EMD.SUGGESTION (WORD_TXT, CORR_TXT, ACTV_SW, LST_UPDT_TS, LST_UPDT_UID) VALUES ('corrisponding', 'corresponding', 'Y', TO_TIMESTAMP('2013-11-27 10:51:41.675000', 'YYYY-MM-DD HH24:MI:SS.FF6'), 'initload');
INSERT INTO EMD.SUGGESTION (WORD_TXT, CORR_TXT, ACTV_SW, LST_UPDT_TS, LST_UPDT_UID) VALUES ('orientated', 'oriented', 'Y', TO_TIMESTAMP('2013-11-27 10:51:41.675000', 'YYYY-MM-DD HH24:MI:SS.FF6'), 'initload');
INSERT INTO EMD.SUGGESTION (WORD_TXT, CORR_TXT, ACTV_SW, LST_UPDT_TS, LST_UPDT_UID) VALUES ('outlaying', 'outlying', 'Y', TO_TIMESTAMP('2013-11-27 10:51:41.675000', 'YYYY-MM-DD HH24:MI:SS.FF6'), 'initload');
INSERT INTO EMD.SUGGESTION (WORD_TXT, CORR_TXT, ACTV_SW, LST_UPDT_TS, LST_UPDT_UID) VALUES ('outputted', 'output', 'Y', TO_TIMESTAMP('2013-11-27 10:51:41.675000', 'YYYY-MM-DD HH24:MI:SS.FF6'), 'initload');
INSERT INTO EMD.SUGGESTION (WORD_TXT, CORR_TXT, ACTV_SW, LST_UPDT_TS, LST_UPDT_UID) VALUES ('p ', 'P', 'Y', TO_TIMESTAMP('2013-11-27 10:51:41.675000', 'YYYY-MM-DD HH24:MI:SS.FF6'), 'initload');
INSERT INTO EMD.SUGGESTION (WORD_TXT, CORR_TXT, ACTV_SW, LST_UPDT_TS, LST_UPDT_UID) VALUES ('paneled', 'panelled', 'Y', TO_TIMESTAMP('2013-11-27 10:51:41.675000', 'YYYY-MM-DD HH24:MI:SS.FF6'), 'initload');
INSERT INTO EMD.SUGGESTION (WORD_TXT, CORR_TXT, ACTV_SW, LST_UPDT_TS, LST_UPDT_UID) VALUES ('paneling', 'panelling', 'Y', TO_TIMESTAMP('2013-11-27 10:51:41.675000', 'YYYY-MM-DD HH24:MI:SS.FF6'), 'initload');
INSERT INTO EMD.SUGGESTION (WORD_TXT, CORR_TXT, ACTV_SW, LST_UPDT_TS, LST_UPDT_UID) VALUES ('panelled', 'paneled', 'Y', TO_TIMESTAMP('2013-11-27 10:51:41.675000', 'YYYY-MM-DD HH24:MI:SS.FF6'), 'initload');
INSERT INTO EMD.SUGGESTION (WORD_TXT, CORR_TXT, ACTV_SW, LST_UPDT_TS, LST_UPDT_UID) VALUES ('panelling', 'paneling', 'Y', TO_TIMESTAMP('2013-11-27 10:51:41.675000', 'YYYY-MM-DD HH24:MI:SS.FF6'), 'initload');
INSERT INTO EMD.SUGGESTION (WORD_TXT, CORR_TXT, ACTV_SW, LST_UPDT_TS, LST_UPDT_UID) VALUES ('parlour', 'parlor', 'Y', TO_TIMESTAMP('2013-11-27 10:51:41.675000', 'YYYY-MM-DD HH24:MI:SS.FF6'), 'initload');
INSERT INTO EMD.SUGGESTION (WORD_TXT, CORR_TXT, ACTV_SW, LST_UPDT_TS, LST_UPDT_UID) VALUES ('rivalled', 'rivaled', 'Y', TO_TIMESTAMP('2013-11-27 10:51:41.675000', 'YYYY-MM-DD HH24:MI:SS.FF6'), 'initload');
INSERT INTO EMD.SUGGESTION (WORD_TXT, CORR_TXT, ACTV_SW, LST_UPDT_TS, LST_UPDT_UID) VALUES ('sabre', 'saber', 'Y', TO_TIMESTAMP('2013-11-27 10:51:41.675000', 'YYYY-MM-DD HH24:MI:SS.FF6'), 'initload');
INSERT INTO EMD.SUGGESTION (WORD_TXT, CORR_TXT, ACTV_SW, LST_UPDT_TS, LST_UPDT_UID) VALUES ('saviour', 'savior', 'Y', TO_TIMESTAMP('2013-11-27 10:51:41.675000', 'YYYY-MM-DD HH24:MI:SS.FF6'), 'initload');
INSERT INTO EMD.SUGGESTION (WORD_TXT, CORR_TXT, ACTV_SW, LST_UPDT_TS, LST_UPDT_UID) VALUES ('savour', 'savor', 'Y', TO_TIMESTAMP('2013-11-27 10:51:41.675000', 'YYYY-MM-DD HH24:MI:SS.FF6'), 'initload');
INSERT INTO EMD.SUGGESTION (WORD_TXT, CORR_TXT, ACTV_SW, LST_UPDT_TS, LST_UPDT_UID) VALUES ('savoury', 'savory', 'Y', TO_TIMESTAMP('2013-11-27 10:51:41.675000', 'YYYY-MM-DD HH24:MI:SS.FF6'), 'initload');
INSERT INTO EMD.SUGGESTION (WORD_TXT, CORR_TXT, ACTV_SW, LST_UPDT_TS, LST_UPDT_UID) VALUES ('sceptre', 'scepter', 'Y', TO_TIMESTAMP('2013-11-27 10:51:41.675000', 'YYYY-MM-DD HH24:MI:SS.FF6'), 'initload');
INSERT INTO EMD.SUGGESTION (WORD_TXT, CORR_TXT, ACTV_SW, LST_UPDT_TS, LST_UPDT_UID) VALUES ('pajama', 'pyjama', 'Y', TO_TIMESTAMP('2013-11-27 10:41:41.675000', 'YYYY-MM-DD HH24:MI:SS.FF6'), 'initload');
