INSERT INTO EMD.NLEA_UPC_PLU_RLOT (SCN_CD_ID, LF_OVRD_ID, USE_2016_NTRN_SW, LST_UPDT_TS, LST_UPDT_UID) VALUES (20300000000, null, 'N', TO_TIMESTAMP('2019-11-12 16:44:43.366000', 'YYYY-MM-DD HH24:MI:SS.FF6'), 'sadc001');
INSERT INTO EMD.NLEA_UPC_PLU_RLOT (SCN_CD_ID, LF_OVRD_ID, USE_2016_NTRN_SW, LST_UPDT_TS, LST_UPDT_UID) VALUES (20302300000, null, 'N', TO_TIMESTAMP('2019-11-18 15:25:47.196000', 'YYYY-MM-DD HH24:MI:SS.FF6'), 'sadc001');
INSERT INTO EMD.NLEA_UPC_PLU_RLOT (SCN_CD_ID, LF_OVRD_ID, USE_2016_NTRN_SW, LST_UPDT_TS, LST_UPDT_UID) VALUES (23004000000, null, 'Y', TO_TIMESTAMP('2019-10-30 18:52:08.915000', 'YYYY-MM-DD HH24:MI:SS.FF6'), 's793785');
INSERT INTO EMD.NLEA_UPC_PLU_RLOT (SCN_CD_ID, LF_OVRD_ID, USE_2016_NTRN_SW, LST_UPDT_TS, LST_UPDT_UID) VALUES (23007200000, 86, 'Y', TO_TIMESTAMP('2019-10-30 19:41:47.440000', 'YYYY-MM-DD HH24:MI:SS.FF6'), 's793785');
INSERT INTO EMD.NLEA_UPC_PLU_RLOT (SCN_CD_ID, LF_OVRD_ID, USE_2016_NTRN_SW, LST_UPDT_TS, LST_UPDT_UID) VALUES (23528100000, null, 'N', TO_TIMESTAMP('2019-10-30 20:00:15.555000', 'YYYY-MM-DD HH24:MI:SS.FF6'), 's793785');
INSERT INTO EMD.NLEA_UPC_PLU_RLOT (SCN_CD_ID, LF_OVRD_ID, USE_2016_NTRN_SW, LST_UPDT_TS, LST_UPDT_UID) VALUES (23528300000, null, 'Y', TO_TIMESTAMP('2019-10-30 20:15:55.070000', 'YYYY-MM-DD HH24:MI:SS.FF6'), 's793785');
INSERT INTO EMD.NLEA_UPC_PLU_RLOT (SCN_CD_ID, LF_OVRD_ID, USE_2016_NTRN_SW, LST_UPDT_TS, LST_UPDT_UID) VALUES (23528400000, 87, 'Y', TO_TIMESTAMP('2019-10-30 20:19:53.963000', 'YYYY-MM-DD HH24:MI:SS.FF6'), 's793785');
INSERT INTO EMD.NLEA_UPC_PLU_RLOT (SCN_CD_ID, LF_OVRD_ID, USE_2016_NTRN_SW, LST_UPDT_TS, LST_UPDT_UID) VALUES (23528500000, null, 'N', TO_TIMESTAMP('2019-10-30 20:26:11.096000', 'YYYY-MM-DD HH24:MI:SS.FF6'), 's793785');
INSERT INTO EMD.NLEA_UPC_PLU_RLOT (SCN_CD_ID, LF_OVRD_ID, USE_2016_NTRN_SW, LST_UPDT_TS, LST_UPDT_UID) VALUES (23528700000, 88, 'N', TO_TIMESTAMP('2019-10-30 20:32:55.017000', 'YYYY-MM-DD HH24:MI:SS.FF6'), 's793785');
INSERT INTO EMD.NLEA_UPC_PLU_RLOT (SCN_CD_ID, LF_OVRD_ID, USE_2016_NTRN_SW, LST_UPDT_TS, LST_UPDT_UID) VALUES (23529300000, null, 'Y', TO_TIMESTAMP('2019-10-30 20:55:07.341000', 'YYYY-MM-DD HH24:MI:SS.FF6'), 's793785');
INSERT INTO EMD.NLEA_UPC_PLU_RLOT (SCN_CD_ID, LF_OVRD_ID, USE_2016_NTRN_SW, LST_UPDT_TS, LST_UPDT_UID) VALUES (22657200000, null, 'N', TO_TIMESTAMP('2019-10-30 21:33:10.594000', 'YYYY-MM-DD HH24:MI:SS.FF6'), 's793785');
INSERT INTO EMD.NLEA_UPC_PLU_RLOT (SCN_CD_ID, LF_OVRD_ID, USE_2016_NTRN_SW, LST_UPDT_TS, LST_UPDT_UID) VALUES (22812700000, null, 'Y', TO_TIMESTAMP('2019-10-30 21:59:26.797000', 'YYYY-MM-DD HH24:MI:SS.FF6'), 's793785');
INSERT INTO EMD.NLEA_UPC_PLU_RLOT (SCN_CD_ID, LF_OVRD_ID, USE_2016_NTRN_SW, LST_UPDT_TS, LST_UPDT_UID) VALUES (22812800000, 89, null, TO_TIMESTAMP('2019-10-30 22:05:20.501000', 'YYYY-MM-DD HH24:MI:SS.FF6'), 's793785');
INSERT INTO EMD.NLEA_UPC_PLU_RLOT (SCN_CD_ID, LF_OVRD_ID, USE_2016_NTRN_SW, LST_UPDT_TS, LST_UPDT_UID) VALUES (20300500000, null, 'Y', TO_TIMESTAMP('2019-11-14 09:52:19.704000', 'YYYY-MM-DD HH24:MI:SS.FF6'), 'sadc001');
INSERT INTO EMD.NLEA_UPC_PLU_RLOT (SCN_CD_ID, LF_OVRD_ID, USE_2016_NTRN_SW, LST_UPDT_TS, LST_UPDT_UID) VALUES (20301000000, null, 'N', TO_TIMESTAMP('2019-11-13 15:24:48.538000', 'YYYY-MM-DD HH24:MI:SS.FF6'), 'sadc001');
INSERT INTO EMD.NLEA_UPC_PLU_RLOT (SCN_CD_ID, LF_OVRD_ID, USE_2016_NTRN_SW, LST_UPDT_TS, LST_UPDT_UID) VALUES (23365600000, null, 'Y', TO_TIMESTAMP('2019-10-25 13:59:05.741000', 'YYYY-MM-DD HH24:MI:SS.FF6'), 'm314029');
INSERT INTO EMD.NLEA_UPC_PLU_RLOT (SCN_CD_ID, LF_OVRD_ID, USE_2016_NTRN_SW, LST_UPDT_TS, LST_UPDT_UID) VALUES (22864400000, null, 'Y', TO_TIMESTAMP('2019-10-25 13:59:47.123000', 'YYYY-MM-DD HH24:MI:SS.FF6'), 'm314029');
INSERT INTO EMD.NLEA_UPC_PLU_RLOT (SCN_CD_ID, LF_OVRD_ID, USE_2016_NTRN_SW, LST_UPDT_TS, LST_UPDT_UID) VALUES (20302400000, null, 'N', TO_TIMESTAMP('2019-10-23 11:58:09.000000', 'YYYY-MM-DD HH24:MI:SS.FF6'), 'd116773');

INSERT INTO EMD.NTRN_PAN_TYP (PAN_TYP_CD, PAN_TYP_ABB, PAN_TYP_DES) VALUES ('N2016', 'N2016', 'NLEA 2016');

INSERT INTO EMD.PAN_SECT (PAN_SECT_CD, PAN_SECT_ABB, PAN_SECT_DES) VALUES ('NTRN', 'NTRN', 'Major nutrients');
INSERT INTO EMD.PAN_SECT (PAN_SECT_CD, PAN_SECT_ABB, PAN_SECT_DES) VALUES ('VMNR', 'VMNR', 'Vitamins and Minerals');

INSERT INTO EMD.UOM_FORM (UOM_FORM_CD, UOM_FORM_ABB, UOM_FORM_DES) VALUES ('S', 'SOLID', 'Solid');
INSERT INTO EMD.UOM_FORM (UOM_FORM_CD, UOM_FORM_ABB, UOM_FORM_DES) VALUES ('L', 'LIQUID', 'Liquid');

INSERT INTO EMD.UOM (UOM_ID, UOM_DES, UOM_EXT_DES, UOM_DSPLY_NM, MET_OR_IMPRL_UOM_SW, UOM_FORM_CD, SRC_SYSTEM_ID, SRC_SYS_REF_ID) VALUES (1, 'Milligrams', 'SOLID ONLY', 'mg', 'M', 'S', 17, '1');
INSERT INTO EMD.UOM (UOM_ID, UOM_DES, UOM_EXT_DES, UOM_DSPLY_NM, MET_OR_IMPRL_UOM_SW, UOM_FORM_CD, SRC_SYSTEM_ID, SRC_SYS_REF_ID) VALUES (2, 'International Units', null, 'iu', 'M', 'S', 17, '2');
INSERT INTO EMD.UOM (UOM_ID, UOM_DES, UOM_EXT_DES, UOM_DSPLY_NM, MET_OR_IMPRL_UOM_SW, UOM_FORM_CD, SRC_SYSTEM_ID, SRC_SYS_REF_ID) VALUES (3, 'Grams', 'SOLID ONLY', 'g', 'M', 'S', 17, '3');
INSERT INTO EMD.UOM (UOM_ID, UOM_DES, UOM_EXT_DES, UOM_DSPLY_NM, MET_OR_IMPRL_UOM_SW, UOM_FORM_CD, SRC_SYSTEM_ID, SRC_SYS_REF_ID) VALUES (4, 'Microgram', 'PRODUCT DEVELOPMENT', 'mcg', 'M', 'S', 17, '4');
INSERT INTO EMD.UOM (UOM_ID, UOM_DES, UOM_EXT_DES, UOM_DSPLY_NM, MET_OR_IMPRL_UOM_SW, UOM_FORM_CD, SRC_SYSTEM_ID, SRC_SYS_REF_ID) VALUES (5, 'Milliliter', 'LIQUID ONLY', 'ml', 'M', 'L', 17, '5');
INSERT INTO EMD.UOM (UOM_ID, UOM_DES, UOM_EXT_DES, UOM_DSPLY_NM, MET_OR_IMPRL_UOM_SW, UOM_FORM_CD, SRC_SYSTEM_ID, SRC_SYS_REF_ID) VALUES (64, 'tray1', null, 'tray', 'I', 'S', 17, '64');
INSERT INTO EMD.UOM (UOM_ID, UOM_DES, UOM_EXT_DES, UOM_DSPLY_NM, MET_OR_IMPRL_UOM_SW, UOM_FORM_CD, SRC_SYSTEM_ID, SRC_SYS_REF_ID) VALUES (6, 'oz', null, 'oz', 'I', 'S', 17, '6');
INSERT INTO EMD.UOM (UOM_ID, UOM_DES, UOM_EXT_DES, UOM_DSPLY_NM, MET_OR_IMPRL_UOM_SW, UOM_FORM_CD, SRC_SYSTEM_ID, SRC_SYS_REF_ID) VALUES (7, 'piece', null, 'piece', 'I', 'S', 17, '7');
INSERT INTO EMD.UOM (UOM_ID, UOM_DES, UOM_EXT_DES, UOM_DSPLY_NM, MET_OR_IMPRL_UOM_SW, UOM_FORM_CD, SRC_SYSTEM_ID, SRC_SYS_REF_ID) VALUES (8, 'pieces', null, 'pieces', 'I', 'S', 17, '8');
INSERT INTO EMD.UOM (UOM_ID, UOM_DES, UOM_EXT_DES, UOM_DSPLY_NM, MET_OR_IMPRL_UOM_SW, UOM_FORM_CD, SRC_SYSTEM_ID, SRC_SYS_REF_ID) VALUES (9, 'pint', 'ICE CREAM', 'pint', 'I', 'S', 17, '9');
INSERT INTO EMD.UOM (UOM_ID, UOM_DES, UOM_EXT_DES, UOM_DSPLY_NM, MET_OR_IMPRL_UOM_SW, UOM_FORM_CD, SRC_SYSTEM_ID, SRC_SYS_REF_ID) VALUES (10, 'tsp', null, 'tsp', 'I', 'S', 17, '10');
INSERT INTO EMD.UOM (UOM_ID, UOM_DES, UOM_EXT_DES, UOM_DSPLY_NM, MET_OR_IMPRL_UOM_SW, UOM_FORM_CD, SRC_SYSTEM_ID, SRC_SYS_REF_ID) VALUES (11, 'bagel', null, 'bagel', 'I', 'S', 17, '11');
INSERT INTO EMD.UOM (UOM_ID, UOM_DES, UOM_EXT_DES, UOM_DSPLY_NM, MET_OR_IMPRL_UOM_SW, UOM_FORM_CD, SRC_SYSTEM_ID, SRC_SYS_REF_ID) VALUES (12, 'swirl', 'FRITTER', 'swirl', 'I', 'S', 17, '12');
INSERT INTO EMD.UOM (UOM_ID, UOM_DES, UOM_EXT_DES, UOM_DSPLY_NM, MET_OR_IMPRL_UOM_SW, UOM_FORM_CD, SRC_SYSTEM_ID, SRC_SYS_REF_ID) VALUES (13, 'cup', null, 'cup', 'I', 'S', 17, '13');
INSERT INTO EMD.UOM (UOM_ID, UOM_DES, UOM_EXT_DES, UOM_DSPLY_NM, MET_OR_IMPRL_UOM_SW, UOM_FORM_CD, SRC_SYSTEM_ID, SRC_SYS_REF_ID) VALUES (14, 'bar', null, 'bar', 'I', 'S', 17, '14');
INSERT INTO EMD.UOM (UOM_ID, UOM_DES, UOM_EXT_DES, UOM_DSPLY_NM, MET_OR_IMPRL_UOM_SW, UOM_FORM_CD, SRC_SYSTEM_ID, SRC_SYS_REF_ID) VALUES (15, 'roll', 'SWEET GOODS', 'roll', 'I', 'S', 17, '15');
INSERT INTO EMD.UOM (UOM_ID, UOM_DES, UOM_EXT_DES, UOM_DSPLY_NM, MET_OR_IMPRL_UOM_SW, UOM_FORM_CD, SRC_SYSTEM_ID, SRC_SYS_REF_ID) VALUES (16, 'slice', 'CAKE OR PIE', 'slice', 'I', 'S', 17, '16');
INSERT INTO EMD.UOM (UOM_ID, UOM_DES, UOM_EXT_DES, UOM_DSPLY_NM, MET_OR_IMPRL_UOM_SW, UOM_FORM_CD, SRC_SYSTEM_ID, SRC_SYS_REF_ID) VALUES (17, 'cake', null, 'cake', 'I', 'S', 17, '17');
INSERT INTO EMD.UOM (UOM_ID, UOM_DES, UOM_EXT_DES, UOM_DSPLY_NM, MET_OR_IMPRL_UOM_SW, UOM_FORM_CD, SRC_SYSTEM_ID, SRC_SYS_REF_ID) VALUES (18, 'tbsp', null, 'tbsp', 'I', 'S', 17, '18');
INSERT INTO EMD.UOM (UOM_ID, UOM_DES, UOM_EXT_DES, UOM_DSPLY_NM, MET_OR_IMPRL_UOM_SW, UOM_FORM_CD, SRC_SYSTEM_ID, SRC_SYS_REF_ID) VALUES (19, 'fl oz', 'LIQUID ONLY', 'fl oz', 'I', 'L', 17, '19');
INSERT INTO EMD.UOM (UOM_ID, UOM_DES, UOM_EXT_DES, UOM_DSPLY_NM, MET_OR_IMPRL_UOM_SW, UOM_FORM_CD, SRC_SYSTEM_ID, SRC_SYS_REF_ID) VALUES (20, 'cupcake', null, 'cupcake', 'I', 'S', 17, '20');
INSERT INTO EMD.UOM (UOM_ID, UOM_DES, UOM_EXT_DES, UOM_DSPLY_NM, MET_OR_IMPRL_UOM_SW, UOM_FORM_CD, SRC_SYSTEM_ID, SRC_SYS_REF_ID) VALUES (21, 'brownie', null, 'brownie', 'I', 'S', 17, '21');
INSERT INTO EMD.UOM (UOM_ID, UOM_DES, UOM_EXT_DES, UOM_DSPLY_NM, MET_OR_IMPRL_UOM_SW, UOM_FORM_CD, SRC_SYSTEM_ID, SRC_SYS_REF_ID) VALUES (22, 'fry slice', 'BACON', 'fry slice', 'I', 'S', 17, '22');
INSERT INTO EMD.UOM (UOM_ID, UOM_DES, UOM_EXT_DES, UOM_DSPLY_NM, MET_OR_IMPRL_UOM_SW, UOM_FORM_CD, SRC_SYSTEM_ID, SRC_SYS_REF_ID) VALUES (23, 'croissant', null, 'croissant', 'I', 'S', 17, '23');
INSERT INTO EMD.UOM (UOM_ID, UOM_DES, UOM_EXT_DES, UOM_DSPLY_NM, MET_OR_IMPRL_UOM_SW, UOM_FORM_CD, SRC_SYSTEM_ID, SRC_SYS_REF_ID) VALUES (24, 'pie', null, 'pie', 'I', 'S', 17, '24');
INSERT INTO EMD.UOM (UOM_ID, UOM_DES, UOM_EXT_DES, UOM_DSPLY_NM, MET_OR_IMPRL_UOM_SW, UOM_FORM_CD, SRC_SYSTEM_ID, SRC_SYS_REF_ID) VALUES (25, 'slices', 'BREAD', 'slices', 'I', 'S', 17, '25');
INSERT INTO EMD.UOM (UOM_ID, UOM_DES, UOM_EXT_DES, UOM_DSPLY_NM, MET_OR_IMPRL_UOM_SW, UOM_FORM_CD, SRC_SYSTEM_ID, SRC_SYS_REF_ID) VALUES (26, 'link', null, 'link', 'I', 'S', 17, '26');
INSERT INTO EMD.UOM (UOM_ID, UOM_DES, UOM_EXT_DES, UOM_DSPLY_NM, MET_OR_IMPRL_UOM_SW, UOM_FORM_CD, SRC_SYSTEM_ID, SRC_SYS_REF_ID) VALUES (27, 'tamales', null, 'tamales', 'I', 'S', 17, '27');
INSERT INTO EMD.UOM (UOM_ID, UOM_DES, UOM_EXT_DES, UOM_DSPLY_NM, MET_OR_IMPRL_UOM_SW, UOM_FORM_CD, SRC_SYSTEM_ID, SRC_SYS_REF_ID) VALUES (28, 'sausage', null, 'sausage', 'I', 'S', 17, '28');
INSERT INTO EMD.UOM (UOM_ID, UOM_DES, UOM_EXT_DES, UOM_DSPLY_NM, MET_OR_IMPRL_UOM_SW, UOM_FORM_CD, SRC_SYSTEM_ID, SRC_SYS_REF_ID) VALUES (29, 'weiner', null, 'weiner', 'I', 'S', 17, '29');
INSERT INTO EMD.UOM (UOM_ID, UOM_DES, UOM_EXT_DES, UOM_DSPLY_NM, MET_OR_IMPRL_UOM_SW, UOM_FORM_CD, SRC_SYSTEM_ID, SRC_SYS_REF_ID) VALUES (30, 'biscuit', null, 'biscuit', 'I', 'S', 17, '30');
INSERT INTO EMD.UOM (UOM_ID, UOM_DES, UOM_EXT_DES, UOM_DSPLY_NM, MET_OR_IMPRL_UOM_SW, UOM_FORM_CD, SRC_SYSTEM_ID, SRC_SYS_REF_ID) VALUES (31, 'pastry', null, 'pastry', 'I', 'S', 17, '31');
INSERT INTO EMD.UOM (UOM_ID, UOM_DES, UOM_EXT_DES, UOM_DSPLY_NM, MET_OR_IMPRL_UOM_SW, UOM_FORM_CD, SRC_SYSTEM_ID, SRC_SYS_REF_ID) VALUES (32, '/9 pie', '(1/9 PIE) 9"', '/9 pie', 'I', 'S', 17, '32');
INSERT INTO EMD.UOM (UOM_ID, UOM_DES, UOM_EXT_DES, UOM_DSPLY_NM, MET_OR_IMPRL_UOM_SW, UOM_FORM_CD, SRC_SYSTEM_ID, SRC_SYS_REF_ID) VALUES (33, 'turnover', null, 'turnover', 'I', 'S', 17, '33');
INSERT INTO EMD.UOM (UOM_ID, UOM_DES, UOM_EXT_DES, UOM_DSPLY_NM, MET_OR_IMPRL_UOM_SW, UOM_FORM_CD, SRC_SYSTEM_ID, SRC_SYS_REF_ID) VALUES (34, 'stick', 'PASTRY', 'stick', 'I', 'S', 17, '34');
INSERT INTO EMD.UOM (UOM_ID, UOM_DES, UOM_EXT_DES, UOM_DSPLY_NM, MET_OR_IMPRL_UOM_SW, UOM_FORM_CD, SRC_SYSTEM_ID, SRC_SYS_REF_ID) VALUES (35, 'strudel', null, 'strudel', 'I', 'S', 17, '35');
INSERT INTO EMD.UOM (UOM_ID, UOM_DES, UOM_EXT_DES, UOM_DSPLY_NM, MET_OR_IMPRL_UOM_SW, UOM_FORM_CD, SRC_SYSTEM_ID, SRC_SYS_REF_ID) VALUES (36, 'bites', 'STRUDEL BITES', 'bites', 'I', 'S', 17, '36');
INSERT INTO EMD.UOM (UOM_ID, UOM_DES, UOM_EXT_DES, UOM_DSPLY_NM, MET_OR_IMPRL_UOM_SW, UOM_FORM_CD, SRC_SYSTEM_ID, SRC_SYS_REF_ID) VALUES (37, 'ribs', 'BBQ', 'ribs', 'I', 'S', 17, '37');
INSERT INTO EMD.UOM (UOM_ID, UOM_DES, UOM_EXT_DES, UOM_DSPLY_NM, MET_OR_IMPRL_UOM_SW, UOM_FORM_CD, SRC_SYSTEM_ID, SRC_SYS_REF_ID) VALUES (38, 'bagels', 'MINI-BAGELS', 'bagels', 'I', 'S', 17, '38');
INSERT INTO EMD.UOM (UOM_ID, UOM_DES, UOM_EXT_DES, UOM_DSPLY_NM, MET_OR_IMPRL_UOM_SW, UOM_FORM_CD, SRC_SYSTEM_ID, SRC_SYS_REF_ID) VALUES (39, 'pizza', 'DELI', 'pizza', 'I', 'S', 17, '39');
INSERT INTO EMD.UOM (UOM_ID, UOM_DES, UOM_EXT_DES, UOM_DSPLY_NM, MET_OR_IMPRL_UOM_SW, UOM_FORM_CD, SRC_SYSTEM_ID, SRC_SYS_REF_ID) VALUES (40, 'olives', null, 'olives', 'I', 'S', 17, '40');
INSERT INTO EMD.UOM (UOM_ID, UOM_DES, UOM_EXT_DES, UOM_DSPLY_NM, MET_OR_IMPRL_UOM_SW, UOM_FORM_CD, SRC_SYSTEM_ID, SRC_SYS_REF_ID) VALUES (41, 'sandwich', null, 'sandwich', 'I', 'S', 17, '41');
INSERT INTO EMD.UOM (UOM_ID, UOM_DES, UOM_EXT_DES, UOM_DSPLY_NM, MET_OR_IMPRL_UOM_SW, UOM_FORM_CD, SRC_SYSTEM_ID, SRC_SYS_REF_ID) VALUES (42, 'loaf', 'BREAD', 'loaf', 'I', 'S', 17, '42');
INSERT INTO EMD.UOM (UOM_ID, UOM_DES, UOM_EXT_DES, UOM_DSPLY_NM, MET_OR_IMPRL_UOM_SW, UOM_FORM_CD, SRC_SYSTEM_ID, SRC_SYS_REF_ID) VALUES (43, 'rib', 'BBQ', 'rib', 'I', 'S', 17, '43');
INSERT INTO EMD.UOM (UOM_ID, UOM_DES, UOM_EXT_DES, UOM_DSPLY_NM, MET_OR_IMPRL_UOM_SW, UOM_FORM_CD, SRC_SYSTEM_ID, SRC_SYS_REF_ID) VALUES (44, '1/2"slice', 'UNSLICED BREADS', '1/2"slice', 'I', 'S', 17, '44');
INSERT INTO EMD.UOM (UOM_ID, UOM_DES, UOM_EXT_DES, UOM_DSPLY_NM, MET_OR_IMPRL_UOM_SW, UOM_FORM_CD, SRC_SYSTEM_ID, SRC_SYS_REF_ID) VALUES (45, 'bun', 'BUNS', 'bun', 'I', 'S', 17, '45');
INSERT INTO EMD.UOM (UOM_ID, UOM_DES, UOM_EXT_DES, UOM_DSPLY_NM, MET_OR_IMPRL_UOM_SW, UOM_FORM_CD, SRC_SYSTEM_ID, SRC_SYS_REF_ID) VALUES (46, 'fillet', 'SEAFOOD', 'fillet', 'I', 'S', 17, '46');
INSERT INTO EMD.UOM (UOM_ID, UOM_DES, UOM_EXT_DES, UOM_DSPLY_NM, MET_OR_IMPRL_UOM_SW, UOM_FORM_CD, SRC_SYSTEM_ID, SRC_SYS_REF_ID) VALUES (47, 'pickles', null, 'pickles', 'I', 'S', 17, '47');
INSERT INTO EMD.UOM (UOM_ID, UOM_DES, UOM_EXT_DES, UOM_DSPLY_NM, MET_OR_IMPRL_UOM_SW, UOM_FORM_CD, SRC_SYSTEM_ID, SRC_SYS_REF_ID) VALUES (48, 'portion', null, 'portion', 'I', 'S', 17, '48');
INSERT INTO EMD.UOM (UOM_ID, UOM_DES, UOM_EXT_DES, UOM_DSPLY_NM, MET_OR_IMPRL_UOM_SW, UOM_FORM_CD, SRC_SYSTEM_ID, SRC_SYS_REF_ID) VALUES (49, 'muffin', null, 'muffin', 'I', 'S', 17, '49');
INSERT INTO EMD.UOM (UOM_ID, UOM_DES, UOM_EXT_DES, UOM_DSPLY_NM, MET_OR_IMPRL_UOM_SW, UOM_FORM_CD, SRC_SYSTEM_ID, SRC_SYS_REF_ID) VALUES (50, 'doughnut', null, 'doughnut', 'I', 'S', 17, '50');
INSERT INTO EMD.UOM (UOM_ID, UOM_DES, UOM_EXT_DES, UOM_DSPLY_NM, MET_OR_IMPRL_UOM_SW, UOM_FORM_CD, SRC_SYSTEM_ID, SRC_SYS_REF_ID) VALUES (51, 'tortilla', null, 'tortilla', 'I', 'S', 17, '51');
INSERT INTO EMD.UOM (UOM_ID, UOM_DES, UOM_EXT_DES, UOM_DSPLY_NM, MET_OR_IMPRL_UOM_SW, UOM_FORM_CD, SRC_SYSTEM_ID, SRC_SYS_REF_ID) VALUES (52, 'cookie', null, 'cookie', 'I', 'S', 17, '52');
INSERT INTO EMD.UOM (UOM_ID, UOM_DES, UOM_EXT_DES, UOM_DSPLY_NM, MET_OR_IMPRL_UOM_SW, UOM_FORM_CD, SRC_SYSTEM_ID, SRC_SYS_REF_ID) VALUES (53, 'roll', null, 'roll', 'I', 'S', 17, '53');
INSERT INTO EMD.UOM (UOM_ID, UOM_DES, UOM_EXT_DES, UOM_DSPLY_NM, MET_OR_IMPRL_UOM_SW, UOM_FORM_CD, SRC_SYSTEM_ID, SRC_SYS_REF_ID) VALUES (54, 'quart', 'LIQUID ONLY', 'quart', 'I', 'L', 17, '54');
INSERT INTO EMD.UOM (UOM_ID, UOM_DES, UOM_EXT_DES, UOM_DSPLY_NM, MET_OR_IMPRL_UOM_SW, UOM_FORM_CD, SRC_SYSTEM_ID, SRC_SYS_REF_ID) VALUES (55, 'cookie', null, 'cookie', 'I', 'S', 17, '55');
INSERT INTO EMD.UOM (UOM_ID, UOM_DES, UOM_EXT_DES, UOM_DSPLY_NM, MET_OR_IMPRL_UOM_SW, UOM_FORM_CD, SRC_SYSTEM_ID, SRC_SYS_REF_ID) VALUES (56, 'cube inch', 'CHEESE', 'cube inch', 'I', 'S', 17, '56');
INSERT INTO EMD.UOM (UOM_ID, UOM_DES, UOM_EXT_DES, UOM_DSPLY_NM, MET_OR_IMPRL_UOM_SW, UOM_FORM_CD, SRC_SYSTEM_ID, SRC_SYS_REF_ID) VALUES (57, 'pita', 'BREAD', 'pita', 'I', 'S', 17, '57');
INSERT INTO EMD.UOM (UOM_ID, UOM_DES, UOM_EXT_DES, UOM_DSPLY_NM, MET_OR_IMPRL_UOM_SW, UOM_FORM_CD, SRC_SYSTEM_ID, SRC_SYS_REF_ID) VALUES (58, 'EACH', null, 'EACH', 'I', 'S', 17, '58');
INSERT INTO EMD.UOM (UOM_ID, UOM_DES, UOM_EXT_DES, UOM_DSPLY_NM, MET_OR_IMPRL_UOM_SW, UOM_FORM_CD, SRC_SYSTEM_ID, SRC_SYS_REF_ID) VALUES (59, 'square', null, 'square', 'I', 'S', 17, '59');
INSERT INTO EMD.UOM (UOM_ID, UOM_DES, UOM_EXT_DES, UOM_DSPLY_NM, MET_OR_IMPRL_UOM_SW, UOM_FORM_CD, SRC_SYSTEM_ID, SRC_SYS_REF_ID) VALUES (60, 'cup(dry)', null, 'cup(dry)', 'I', 'S', 17, '60');
INSERT INTO EMD.UOM (UOM_ID, UOM_DES, UOM_EXT_DES, UOM_DSPLY_NM, MET_OR_IMPRL_UOM_SW, UOM_FORM_CD, SRC_SYSTEM_ID, SRC_SYS_REF_ID) VALUES (61, 'dinner', 'DINNER', 'dinner', 'I', 'S', 17, '61');
INSERT INTO EMD.UOM (UOM_ID, UOM_DES, UOM_EXT_DES, UOM_DSPLY_NM, MET_OR_IMPRL_UOM_SW, UOM_FORM_CD, SRC_SYSTEM_ID, SRC_SYS_REF_ID) VALUES (62, 'container', null, 'container', 'I', 'S', 17, '62');
INSERT INTO EMD.UOM (UOM_ID, UOM_DES, UOM_EXT_DES, UOM_DSPLY_NM, MET_OR_IMPRL_UOM_SW, UOM_FORM_CD, SRC_SYSTEM_ID, SRC_SYS_REF_ID) VALUES (63, 'chicken', null, 'chicken', 'I', 'S', 17, '63');
INSERT INTO EMD.UOM (UOM_ID, UOM_DES, UOM_EXT_DES, UOM_DSPLY_NM, MET_OR_IMPRL_UOM_SW, UOM_FORM_CD, SRC_SYSTEM_ID, SRC_SYS_REF_ID) VALUES (68, 'mg', null, 'mg', 'I', 'S', 17, null);
INSERT INTO EMD.UOM (UOM_ID, UOM_DES, UOM_EXT_DES, UOM_DSPLY_NM, MET_OR_IMPRL_UOM_SW, UOM_FORM_CD, SRC_SYSTEM_ID, SRC_SYS_REF_ID) VALUES (69, 'DOZ', null, 'DOZ', 'I', 'S', 17, null);
INSERT INTO EMD.UOM (UOM_ID, UOM_DES, UOM_EXT_DES, UOM_DSPLY_NM, MET_OR_IMPRL_UOM_SW, UOM_FORM_CD, SRC_SYSTEM_ID, SRC_SYS_REF_ID) VALUES (65, 'serving', null, 'serving', 'I', 'S', 17, '65');
INSERT INTO EMD.UOM (UOM_ID, UOM_DES, UOM_EXT_DES, UOM_DSPLY_NM, MET_OR_IMPRL_UOM_SW, UOM_FORM_CD, SRC_SYSTEM_ID, SRC_SYS_REF_ID) VALUES (66, 'containerTest', null, 'containerTest', 'I', 'S', 17, null);
INSERT INTO EMD.UOM (UOM_ID, UOM_DES, UOM_EXT_DES, UOM_DSPLY_NM, MET_OR_IMPRL_UOM_SW, UOM_FORM_CD, SRC_SYSTEM_ID, SRC_SYS_REF_ID) VALUES (70, 'litter', null, 'litter', 'I', 'S', 17, null);
INSERT INTO EMD.UOM (UOM_ID, UOM_DES, UOM_EXT_DES, UOM_DSPLY_NM, MET_OR_IMPRL_UOM_SW, UOM_FORM_CD, SRC_SYSTEM_ID, SRC_SYS_REF_ID) VALUES (71, '1', null, '1', 'I', 'S', 17, null);
INSERT INTO EMD.UOM (UOM_ID, UOM_DES, UOM_EXT_DES, UOM_DSPLY_NM, MET_OR_IMPRL_UOM_SW, UOM_FORM_CD, SRC_SYSTEM_ID, SRC_SYS_REF_ID) VALUES (67, 'g', null, 'g', 'I', 'S', 17, null);
INSERT INTO EMD.UOM (UOM_ID, UOM_DES, UOM_EXT_DES, UOM_DSPLY_NM, MET_OR_IMPRL_UOM_SW, UOM_FORM_CD, SRC_SYSTEM_ID, SRC_SYS_REF_ID) VALUES (72, 'dinner123', null, 'dinner123', 'I', 'S', 17, null);

INSERT INTO EMD.NTRNT (NTRNT_ID, PARNT_NTRNT_ID, NTRNT_DES, NTRNT_DSPLY_SEQ_NBR, PDV_OR_WHOLE_SW, UOM_ID, RCMD_DALY_VAL_QTY, PAN_VER_CD, BOLD_SW, SRC_SYSTEM_ID, SRC_SYS_REF_ID, PAN_SECT_CD, ALLOW_LESS_THAN_SW, LESS_THEN_VAL_QTY) VALUES (1, null, 'Total Fat', 1, 'W', 3, 78.0000, 'N2016', 'Y', 17, '102', 'NTRN', 'N', null);
INSERT INTO EMD.NTRNT (NTRNT_ID, PARNT_NTRNT_ID, NTRNT_DES, NTRNT_DSPLY_SEQ_NBR, PDV_OR_WHOLE_SW, UOM_ID, RCMD_DALY_VAL_QTY, PAN_VER_CD, BOLD_SW, SRC_SYSTEM_ID, SRC_SYS_REF_ID, PAN_SECT_CD, ALLOW_LESS_THAN_SW, LESS_THEN_VAL_QTY) VALUES (2, 1, 'Saturated Fat', 2, 'W', 3, 20.0000, 'N2016', 'N', 17, '103', 'NTRN', 'N', null);
INSERT INTO EMD.NTRNT (NTRNT_ID, PARNT_NTRNT_ID, NTRNT_DES, NTRNT_DSPLY_SEQ_NBR, PDV_OR_WHOLE_SW, UOM_ID, RCMD_DALY_VAL_QTY, PAN_VER_CD, BOLD_SW, SRC_SYSTEM_ID, SRC_SYS_REF_ID, PAN_SECT_CD, ALLOW_LESS_THAN_SW, LESS_THEN_VAL_QTY) VALUES (3, 1, 'Trans Fat', 3, 'W', 3, null, 'N2016', 'N', 17, '113', 'NTRN', 'N', null);
INSERT INTO EMD.NTRNT (NTRNT_ID, PARNT_NTRNT_ID, NTRNT_DES, NTRNT_DSPLY_SEQ_NBR, PDV_OR_WHOLE_SW, UOM_ID, RCMD_DALY_VAL_QTY, PAN_VER_CD, BOLD_SW, SRC_SYSTEM_ID, SRC_SYS_REF_ID, PAN_SECT_CD, ALLOW_LESS_THAN_SW, LESS_THEN_VAL_QTY) VALUES (4, null, 'Cholesterol', 4, 'W', 1, 300.0000, 'N2016', 'Y', 17, '104', 'NTRN', 'N', null);
INSERT INTO EMD.NTRNT (NTRNT_ID, PARNT_NTRNT_ID, NTRNT_DES, NTRNT_DSPLY_SEQ_NBR, PDV_OR_WHOLE_SW, UOM_ID, RCMD_DALY_VAL_QTY, PAN_VER_CD, BOLD_SW, SRC_SYSTEM_ID, SRC_SYS_REF_ID, PAN_SECT_CD, ALLOW_LESS_THAN_SW, LESS_THEN_VAL_QTY) VALUES (5, null, 'Sodium', 5, 'W', 1, 2300.0000, 'N2016', 'Y', 17, '107', 'NTRN', 'N', null);
INSERT INTO EMD.NTRNT (NTRNT_ID, PARNT_NTRNT_ID, NTRNT_DES, NTRNT_DSPLY_SEQ_NBR, PDV_OR_WHOLE_SW, UOM_ID, RCMD_DALY_VAL_QTY, PAN_VER_CD, BOLD_SW, SRC_SYSTEM_ID, SRC_SYS_REF_ID, PAN_SECT_CD, ALLOW_LESS_THAN_SW, LESS_THEN_VAL_QTY) VALUES (6, null, 'Total Carbohydrates', 6, 'W', 3, 275.0000, 'N2016', 'Y', 17, '105', 'NTRN', 'N', null);
INSERT INTO EMD.NTRNT (NTRNT_ID, PARNT_NTRNT_ID, NTRNT_DES, NTRNT_DSPLY_SEQ_NBR, PDV_OR_WHOLE_SW, UOM_ID, RCMD_DALY_VAL_QTY, PAN_VER_CD, BOLD_SW, SRC_SYSTEM_ID, SRC_SYS_REF_ID, PAN_SECT_CD, ALLOW_LESS_THAN_SW, LESS_THEN_VAL_QTY) VALUES (7, 6, 'Dietary Fiber', 7, 'W', 3, 28.0000, 'N2016', 'N', 17, '106', 'NTRN', 'N', null);
INSERT INTO EMD.NTRNT (NTRNT_ID, PARNT_NTRNT_ID, NTRNT_DES, NTRNT_DSPLY_SEQ_NBR, PDV_OR_WHOLE_SW, UOM_ID, RCMD_DALY_VAL_QTY, PAN_VER_CD, BOLD_SW, SRC_SYSTEM_ID, SRC_SYS_REF_ID, PAN_SECT_CD, ALLOW_LESS_THAN_SW, LESS_THEN_VAL_QTY) VALUES (8, 6, 'Total Sugars', 8, 'W', 3, null, 'N2016', 'N', 17, '108', 'NTRN', 'N', null);
INSERT INTO EMD.NTRNT (NTRNT_ID, PARNT_NTRNT_ID, NTRNT_DES, NTRNT_DSPLY_SEQ_NBR, PDV_OR_WHOLE_SW, UOM_ID, RCMD_DALY_VAL_QTY, PAN_VER_CD, BOLD_SW, SRC_SYSTEM_ID, SRC_SYS_REF_ID, PAN_SECT_CD, ALLOW_LESS_THAN_SW, LESS_THEN_VAL_QTY) VALUES (9, 8, 'Incl. Added Sugars', 9, 'W', 3, 50.0000, 'N2016', 'N', 17, '127', 'NTRN', 'N', null);
INSERT INTO EMD.NTRNT (NTRNT_ID, PARNT_NTRNT_ID, NTRNT_DES, NTRNT_DSPLY_SEQ_NBR, PDV_OR_WHOLE_SW, UOM_ID, RCMD_DALY_VAL_QTY, PAN_VER_CD, BOLD_SW, SRC_SYSTEM_ID, SRC_SYS_REF_ID, PAN_SECT_CD, ALLOW_LESS_THAN_SW, LESS_THEN_VAL_QTY) VALUES (10, null, 'Protein', 11, 'W', 3, 50.0000, 'N2016', 'Y', 17, '109', 'NTRN', 'N', null);
INSERT INTO EMD.NTRNT (NTRNT_ID, PARNT_NTRNT_ID, NTRNT_DES, NTRNT_DSPLY_SEQ_NBR, PDV_OR_WHOLE_SW, UOM_ID, RCMD_DALY_VAL_QTY, PAN_VER_CD, BOLD_SW, SRC_SYSTEM_ID, SRC_SYS_REF_ID, PAN_SECT_CD, ALLOW_LESS_THAN_SW, LESS_THEN_VAL_QTY) VALUES (11, null, 'Vitamin D', 12, 'W', 4, 20.0000, 'N2016', 'N', 17, '8', 'VMNR', 'N', null);
INSERT INTO EMD.NTRNT (NTRNT_ID, PARNT_NTRNT_ID, NTRNT_DES, NTRNT_DSPLY_SEQ_NBR, PDV_OR_WHOLE_SW, UOM_ID, RCMD_DALY_VAL_QTY, PAN_VER_CD, BOLD_SW, SRC_SYSTEM_ID, SRC_SYS_REF_ID, PAN_SECT_CD, ALLOW_LESS_THAN_SW, LESS_THEN_VAL_QTY) VALUES (12, null, 'Calcium', 13, 'W', 1, 1300.0000, 'N2016', 'N', 17, '6', 'VMNR', 'N', null);
INSERT INTO EMD.NTRNT (NTRNT_ID, PARNT_NTRNT_ID, NTRNT_DES, NTRNT_DSPLY_SEQ_NBR, PDV_OR_WHOLE_SW, UOM_ID, RCMD_DALY_VAL_QTY, PAN_VER_CD, BOLD_SW, SRC_SYSTEM_ID, SRC_SYS_REF_ID, PAN_SECT_CD, ALLOW_LESS_THAN_SW, LESS_THEN_VAL_QTY) VALUES (13, null, 'Iron', 14, 'P', 1, 18.0000, 'N2016', 'N', 17, '7', 'VMNR', 'N', null);
INSERT INTO EMD.NTRNT (NTRNT_ID, PARNT_NTRNT_ID, NTRNT_DES, NTRNT_DSPLY_SEQ_NBR, PDV_OR_WHOLE_SW, UOM_ID, RCMD_DALY_VAL_QTY, PAN_VER_CD, BOLD_SW, SRC_SYSTEM_ID, SRC_SYS_REF_ID, PAN_SECT_CD, ALLOW_LESS_THAN_SW, LESS_THEN_VAL_QTY) VALUES (14, null, 'Potassium', 15, 'P', 1, 4700.0000, 'N2016', 'N', 17, '110', 'VMNR', 'N', null);
INSERT INTO EMD.NTRNT (NTRNT_ID, PARNT_NTRNT_ID, NTRNT_DES, NTRNT_DSPLY_SEQ_NBR, PDV_OR_WHOLE_SW, UOM_ID, RCMD_DALY_VAL_QTY, PAN_VER_CD, BOLD_SW, SRC_SYSTEM_ID, SRC_SYS_REF_ID, PAN_SECT_CD, ALLOW_LESS_THAN_SW, LESS_THEN_VAL_QTY) VALUES (15, 6, 'Sugar Alcohol', 10, 'W', 3, null, 'N2016', 'N', 17, '120', 'NTRN', 'N', null);

INSERT INTO EMD.NTRN_PAN_HDR (NTRN_PAN_HDR_ID, SCN_CD_ID, SRC_SYSTEM_ID, SRC_SYS_REF_ID, SRC_SYS_LST_UPDT_TS, PAN_NBR, IMPRL_SRVNG_SZ_TXT, IMPRL_SRVNG_SZ_UOM_ID, SPC_TXT, MET_SRVNG_SZ_TXT, MET_SRVNG_SZ_UOM_ID, SRVNG_SZ_TXT, ACTV_SW, EFF_DT, PUBED_SW, PAN_TYP_CD) VALUES (11641, null, 17, '28644', null, 1, '4', 7, '5', '8', 1, null, 'N', TO_DATE('2019-11-22 00:00:00', 'YYYY-MM-DD HH24:MI:SS'), 'N', 'N2016');
INSERT INTO EMD.NTRN_PAN_HDR (NTRN_PAN_HDR_ID, SCN_CD_ID, SRC_SYSTEM_ID, SRC_SYS_REF_ID, SRC_SYS_LST_UPDT_TS, PAN_NBR, IMPRL_SRVNG_SZ_TXT, IMPRL_SRVNG_SZ_UOM_ID, SPC_TXT, MET_SRVNG_SZ_TXT, MET_SRVNG_SZ_UOM_ID, SRVNG_SZ_TXT, ACTV_SW, EFF_DT, PUBED_SW, PAN_TYP_CD) VALUES (11642, null, 17, '28644', null, 1, '4', 7, '5', '8', 1, null, 'Y', TO_DATE('2019-11-22 00:00:00', 'YYYY-MM-DD HH24:MI:SS'), 'N', 'N2016');
INSERT INTO EMD.NTRN_PAN_HDR (NTRN_PAN_HDR_ID, SCN_CD_ID, SRC_SYSTEM_ID, SRC_SYS_REF_ID, SRC_SYS_LST_UPDT_TS, PAN_NBR, IMPRL_SRVNG_SZ_TXT, IMPRL_SRVNG_SZ_UOM_ID, SPC_TXT, MET_SRVNG_SZ_TXT, MET_SRVNG_SZ_UOM_ID, SRVNG_SZ_TXT, ACTV_SW, EFF_DT, PUBED_SW, PAN_TYP_CD) VALUES (11562, null, 17, '28644', null, 1, '4', 7, '5', '8', 1, null, 'N', TO_DATE('2019-10-25 00:00:00', 'YYYY-MM-DD HH24:MI:SS'), 'N', 'N2016');

INSERT INTO EMD.NTRN_PAN_COL_HDR (NTRN_PAN_HDR_ID, NTRN_PAN_COL_ID, CLRS_QTY, SRVNG_SZ_TXT) VALUES (11562, 1, 40.0000, null);
INSERT INTO EMD.NTRN_PAN_COL_HDR (NTRN_PAN_HDR_ID, NTRN_PAN_COL_ID, CLRS_QTY, SRVNG_SZ_TXT) VALUES (11562, 2, 200.0000, '1');
INSERT INTO EMD.NTRN_PAN_COL_HDR (NTRN_PAN_HDR_ID, NTRN_PAN_COL_ID, CLRS_QTY, SRVNG_SZ_TXT) VALUES (11641, 1, 45.0000, null);
INSERT INTO EMD.NTRN_PAN_COL_HDR (NTRN_PAN_HDR_ID, NTRN_PAN_COL_ID, CLRS_QTY, SRVNG_SZ_TXT) VALUES (11641, 2, 200.0000, '1');
INSERT INTO EMD.NTRN_PAN_COL_HDR (NTRN_PAN_HDR_ID, NTRN_PAN_COL_ID, CLRS_QTY, SRVNG_SZ_TXT) VALUES (11642, 1, 45.0000, null);
INSERT INTO EMD.NTRN_PAN_COL_HDR (NTRN_PAN_HDR_ID, NTRN_PAN_COL_ID, CLRS_QTY, SRVNG_SZ_TXT) VALUES (11642, 2, 200.0000, '1');

INSERT INTO EMD.NTRN_PAN_DTL (NTRN_PAN_HDR_ID, NTRN_PAN_COL_ID, NTRNT_ID, NTRNT_QTY, DALY_VAL_PCT, LESS_THAN_SW) VALUES (11562, 1, 1, 2.00, 3.00, 'N');
INSERT INTO EMD.NTRN_PAN_DTL (NTRN_PAN_HDR_ID, NTRN_PAN_COL_ID, NTRNT_ID, NTRNT_QTY, DALY_VAL_PCT, LESS_THAN_SW) VALUES (11562, 1, 2, 2.00, 10.00, 'N');
INSERT INTO EMD.NTRN_PAN_DTL (NTRN_PAN_HDR_ID, NTRN_PAN_COL_ID, NTRNT_ID, NTRNT_QTY, DALY_VAL_PCT, LESS_THAN_SW) VALUES (11562, 1, 3, 1.00, null, 'N');
INSERT INTO EMD.NTRN_PAN_DTL (NTRN_PAN_HDR_ID, NTRN_PAN_COL_ID, NTRNT_ID, NTRNT_QTY, DALY_VAL_PCT, LESS_THAN_SW) VALUES (11562, 1, 4, 4.00, 1.00, 'N');
INSERT INTO EMD.NTRN_PAN_DTL (NTRN_PAN_HDR_ID, NTRN_PAN_COL_ID, NTRNT_ID, NTRNT_QTY, DALY_VAL_PCT, LESS_THAN_SW) VALUES (11562, 1, 5, 1.00, 0.00, 'N');
INSERT INTO EMD.NTRN_PAN_DTL (NTRN_PAN_HDR_ID, NTRN_PAN_COL_ID, NTRNT_ID, NTRNT_QTY, DALY_VAL_PCT, LESS_THAN_SW) VALUES (11562, 1, 6, 2.00, 1.00, 'N');
INSERT INTO EMD.NTRN_PAN_DTL (NTRN_PAN_HDR_ID, NTRN_PAN_COL_ID, NTRNT_ID, NTRNT_QTY, DALY_VAL_PCT, LESS_THAN_SW) VALUES (11562, 1, 7, 3.00, 11.00, 'N');
INSERT INTO EMD.NTRN_PAN_DTL (NTRN_PAN_HDR_ID, NTRN_PAN_COL_ID, NTRNT_ID, NTRNT_QTY, DALY_VAL_PCT, LESS_THAN_SW) VALUES (11562, 1, 8, 5.00, null, 'N');
INSERT INTO EMD.NTRN_PAN_DTL (NTRN_PAN_HDR_ID, NTRN_PAN_COL_ID, NTRNT_ID, NTRNT_QTY, DALY_VAL_PCT, LESS_THAN_SW) VALUES (11562, 1, 9, 1.00, 2.00, 'N');
INSERT INTO EMD.NTRN_PAN_DTL (NTRN_PAN_HDR_ID, NTRN_PAN_COL_ID, NTRNT_ID, NTRNT_QTY, DALY_VAL_PCT, LESS_THAN_SW) VALUES (11562, 1, 10, 6.00, 12.00, 'N');
INSERT INTO EMD.NTRN_PAN_DTL (NTRN_PAN_HDR_ID, NTRN_PAN_COL_ID, NTRNT_ID, NTRNT_QTY, DALY_VAL_PCT, LESS_THAN_SW) VALUES (11562, 1, 11, 2.00, 10.00, 'N');
INSERT INTO EMD.NTRN_PAN_DTL (NTRN_PAN_HDR_ID, NTRN_PAN_COL_ID, NTRNT_ID, NTRNT_QTY, DALY_VAL_PCT, LESS_THAN_SW) VALUES (11562, 1, 12, 1.00, 0.00, 'N');
INSERT INTO EMD.NTRN_PAN_DTL (NTRN_PAN_HDR_ID, NTRN_PAN_COL_ID, NTRNT_ID, NTRNT_QTY, DALY_VAL_PCT, LESS_THAN_SW) VALUES (11562, 1, 13, null, 2.00, 'N');
INSERT INTO EMD.NTRN_PAN_DTL (NTRN_PAN_HDR_ID, NTRN_PAN_COL_ID, NTRNT_ID, NTRNT_QTY, DALY_VAL_PCT, LESS_THAN_SW) VALUES (11562, 1, 14, null, 1.00, 'N');
INSERT INTO EMD.NTRN_PAN_DTL (NTRN_PAN_HDR_ID, NTRN_PAN_COL_ID, NTRNT_ID, NTRNT_QTY, DALY_VAL_PCT, LESS_THAN_SW) VALUES (11562, 1, 15, 1.00, null, 'N');
INSERT INTO EMD.NTRN_PAN_DTL (NTRN_PAN_HDR_ID, NTRN_PAN_COL_ID, NTRNT_ID, NTRNT_QTY, DALY_VAL_PCT, LESS_THAN_SW) VALUES (11562, 2, 1, 8.00, 10.00, 'N');
INSERT INTO EMD.NTRN_PAN_DTL (NTRN_PAN_HDR_ID, NTRN_PAN_COL_ID, NTRNT_ID, NTRNT_QTY, DALY_VAL_PCT, LESS_THAN_SW) VALUES (11562, 2, 2, 7.00, 35.00, 'N');
INSERT INTO EMD.NTRN_PAN_DTL (NTRN_PAN_HDR_ID, NTRN_PAN_COL_ID, NTRNT_ID, NTRNT_QTY, DALY_VAL_PCT, LESS_THAN_SW) VALUES (11562, 2, 3, 1.00, null, 'N');
INSERT INTO EMD.NTRN_PAN_DTL (NTRN_PAN_HDR_ID, NTRN_PAN_COL_ID, NTRNT_ID, NTRNT_QTY, DALY_VAL_PCT, LESS_THAN_SW) VALUES (11562, 2, 4, 20.00, 7.00, 'N');
INSERT INTO EMD.NTRN_PAN_DTL (NTRN_PAN_HDR_ID, NTRN_PAN_COL_ID, NTRNT_ID, NTRNT_QTY, DALY_VAL_PCT, LESS_THAN_SW) VALUES (11562, 2, 5, 5.00, 0.00, 'N');
INSERT INTO EMD.NTRN_PAN_DTL (NTRN_PAN_HDR_ID, NTRN_PAN_COL_ID, NTRNT_ID, NTRNT_QTY, DALY_VAL_PCT, LESS_THAN_SW) VALUES (11562, 2, 6, 10.00, 4.00, 'N');
INSERT INTO EMD.NTRN_PAN_DTL (NTRN_PAN_HDR_ID, NTRN_PAN_COL_ID, NTRNT_ID, NTRNT_QTY, DALY_VAL_PCT, LESS_THAN_SW) VALUES (11562, 2, 7, 12.00, 43.00, 'N');
INSERT INTO EMD.NTRN_PAN_DTL (NTRN_PAN_HDR_ID, NTRN_PAN_COL_ID, NTRNT_ID, NTRNT_QTY, DALY_VAL_PCT, LESS_THAN_SW) VALUES (11562, 2, 8, 20.00, null, 'N');
INSERT INTO EMD.NTRN_PAN_DTL (NTRN_PAN_HDR_ID, NTRN_PAN_COL_ID, NTRNT_ID, NTRNT_QTY, DALY_VAL_PCT, LESS_THAN_SW) VALUES (11562, 2, 9, 5.00, 10.00, 'N');
INSERT INTO EMD.NTRN_PAN_DTL (NTRN_PAN_HDR_ID, NTRN_PAN_COL_ID, NTRNT_ID, NTRNT_QTY, DALY_VAL_PCT, LESS_THAN_SW) VALUES (11562, 2, 10, 20.00, 40.00, 'N');
INSERT INTO EMD.NTRN_PAN_DTL (NTRN_PAN_HDR_ID, NTRN_PAN_COL_ID, NTRNT_ID, NTRNT_QTY, DALY_VAL_PCT, LESS_THAN_SW) VALUES (11562, 2, 11, 10.00, 50.00, 'N');
INSERT INTO EMD.NTRN_PAN_DTL (NTRN_PAN_HDR_ID, NTRN_PAN_COL_ID, NTRNT_ID, NTRNT_QTY, DALY_VAL_PCT, LESS_THAN_SW) VALUES (11562, 2, 12, 5.00, 0.00, 'N');
INSERT INTO EMD.NTRN_PAN_DTL (NTRN_PAN_HDR_ID, NTRN_PAN_COL_ID, NTRNT_ID, NTRNT_QTY, DALY_VAL_PCT, LESS_THAN_SW) VALUES (11562, 2, 13, null, 10.00, 'N');
INSERT INTO EMD.NTRN_PAN_DTL (NTRN_PAN_HDR_ID, NTRN_PAN_COL_ID, NTRNT_ID, NTRNT_QTY, DALY_VAL_PCT, LESS_THAN_SW) VALUES (11562, 2, 14, null, 5.00, 'N');
INSERT INTO EMD.NTRN_PAN_DTL (NTRN_PAN_HDR_ID, NTRN_PAN_COL_ID, NTRNT_ID, NTRNT_QTY, DALY_VAL_PCT, LESS_THAN_SW) VALUES (11562, 2, 15, 4.00, null, 'N');
INSERT INTO EMD.NTRN_PAN_DTL (NTRN_PAN_HDR_ID, NTRN_PAN_COL_ID, NTRNT_ID, NTRNT_QTY, DALY_VAL_PCT, LESS_THAN_SW) VALUES (11641, 1, 1, 2.00, 3.00, 'N');
INSERT INTO EMD.NTRN_PAN_DTL (NTRN_PAN_HDR_ID, NTRN_PAN_COL_ID, NTRNT_ID, NTRNT_QTY, DALY_VAL_PCT, LESS_THAN_SW) VALUES (11641, 1, 2, 2.00, 10.00, 'N');
INSERT INTO EMD.NTRN_PAN_DTL (NTRN_PAN_HDR_ID, NTRN_PAN_COL_ID, NTRNT_ID, NTRNT_QTY, DALY_VAL_PCT, LESS_THAN_SW) VALUES (11641, 1, 3, 1.00, null, 'N');
INSERT INTO EMD.NTRN_PAN_DTL (NTRN_PAN_HDR_ID, NTRN_PAN_COL_ID, NTRNT_ID, NTRNT_QTY, DALY_VAL_PCT, LESS_THAN_SW) VALUES (11641, 1, 4, 4.00, 1.00, 'N');
INSERT INTO EMD.NTRN_PAN_DTL (NTRN_PAN_HDR_ID, NTRN_PAN_COL_ID, NTRNT_ID, NTRNT_QTY, DALY_VAL_PCT, LESS_THAN_SW) VALUES (11641, 1, 5, 1.00, 0.00, 'N');
INSERT INTO EMD.NTRN_PAN_DTL (NTRN_PAN_HDR_ID, NTRN_PAN_COL_ID, NTRNT_ID, NTRNT_QTY, DALY_VAL_PCT, LESS_THAN_SW) VALUES (11641, 1, 6, 2.00, 1.00, 'N');
INSERT INTO EMD.NTRN_PAN_DTL (NTRN_PAN_HDR_ID, NTRN_PAN_COL_ID, NTRNT_ID, NTRNT_QTY, DALY_VAL_PCT, LESS_THAN_SW) VALUES (11641, 1, 7, 3.00, 11.00, 'N');
INSERT INTO EMD.NTRN_PAN_DTL (NTRN_PAN_HDR_ID, NTRN_PAN_COL_ID, NTRNT_ID, NTRNT_QTY, DALY_VAL_PCT, LESS_THAN_SW) VALUES (11641, 1, 8, 5.00, null, 'N');
INSERT INTO EMD.NTRN_PAN_DTL (NTRN_PAN_HDR_ID, NTRN_PAN_COL_ID, NTRNT_ID, NTRNT_QTY, DALY_VAL_PCT, LESS_THAN_SW) VALUES (11641, 1, 9, 1.00, 2.00, 'N');
INSERT INTO EMD.NTRN_PAN_DTL (NTRN_PAN_HDR_ID, NTRN_PAN_COL_ID, NTRNT_ID, NTRNT_QTY, DALY_VAL_PCT, LESS_THAN_SW) VALUES (11641, 1, 10, 6.00, 12.00, 'N');
INSERT INTO EMD.NTRN_PAN_DTL (NTRN_PAN_HDR_ID, NTRN_PAN_COL_ID, NTRNT_ID, NTRNT_QTY, DALY_VAL_PCT, LESS_THAN_SW) VALUES (11641, 1, 11, 2.00, 10.00, 'N');
INSERT INTO EMD.NTRN_PAN_DTL (NTRN_PAN_HDR_ID, NTRN_PAN_COL_ID, NTRNT_ID, NTRNT_QTY, DALY_VAL_PCT, LESS_THAN_SW) VALUES (11641, 1, 12, 1.00, 0.00, 'N');
INSERT INTO EMD.NTRN_PAN_DTL (NTRN_PAN_HDR_ID, NTRN_PAN_COL_ID, NTRNT_ID, NTRNT_QTY, DALY_VAL_PCT, LESS_THAN_SW) VALUES (11641, 1, 13, null, 2.00, 'N');
INSERT INTO EMD.NTRN_PAN_DTL (NTRN_PAN_HDR_ID, NTRN_PAN_COL_ID, NTRNT_ID, NTRNT_QTY, DALY_VAL_PCT, LESS_THAN_SW) VALUES (11641, 1, 14, null, 1.00, 'N');
INSERT INTO EMD.NTRN_PAN_DTL (NTRN_PAN_HDR_ID, NTRN_PAN_COL_ID, NTRNT_ID, NTRNT_QTY, DALY_VAL_PCT, LESS_THAN_SW) VALUES (11641, 1, 15, 1.00, null, 'N');
INSERT INTO EMD.NTRN_PAN_DTL (NTRN_PAN_HDR_ID, NTRN_PAN_COL_ID, NTRNT_ID, NTRNT_QTY, DALY_VAL_PCT, LESS_THAN_SW) VALUES (11641, 2, 1, 8.00, 10.00, 'N');
INSERT INTO EMD.NTRN_PAN_DTL (NTRN_PAN_HDR_ID, NTRN_PAN_COL_ID, NTRNT_ID, NTRNT_QTY, DALY_VAL_PCT, LESS_THAN_SW) VALUES (11641, 2, 2, 7.00, 35.00, 'N');
INSERT INTO EMD.NTRN_PAN_DTL (NTRN_PAN_HDR_ID, NTRN_PAN_COL_ID, NTRNT_ID, NTRNT_QTY, DALY_VAL_PCT, LESS_THAN_SW) VALUES (11641, 2, 3, 1.00, null, 'N');
INSERT INTO EMD.NTRN_PAN_DTL (NTRN_PAN_HDR_ID, NTRN_PAN_COL_ID, NTRNT_ID, NTRNT_QTY, DALY_VAL_PCT, LESS_THAN_SW) VALUES (11641, 2, 4, 20.00, 7.00, 'N');
INSERT INTO EMD.NTRN_PAN_DTL (NTRN_PAN_HDR_ID, NTRN_PAN_COL_ID, NTRNT_ID, NTRNT_QTY, DALY_VAL_PCT, LESS_THAN_SW) VALUES (11641, 2, 5, 5.00, 0.00, 'N');
INSERT INTO EMD.NTRN_PAN_DTL (NTRN_PAN_HDR_ID, NTRN_PAN_COL_ID, NTRNT_ID, NTRNT_QTY, DALY_VAL_PCT, LESS_THAN_SW) VALUES (11641, 2, 6, 10.00, 4.00, 'N');
INSERT INTO EMD.NTRN_PAN_DTL (NTRN_PAN_HDR_ID, NTRN_PAN_COL_ID, NTRNT_ID, NTRNT_QTY, DALY_VAL_PCT, LESS_THAN_SW) VALUES (11641, 2, 7, 12.00, 43.00, 'N');
INSERT INTO EMD.NTRN_PAN_DTL (NTRN_PAN_HDR_ID, NTRN_PAN_COL_ID, NTRNT_ID, NTRNT_QTY, DALY_VAL_PCT, LESS_THAN_SW) VALUES (11641, 2, 8, 20.00, null, 'N');
INSERT INTO EMD.NTRN_PAN_DTL (NTRN_PAN_HDR_ID, NTRN_PAN_COL_ID, NTRNT_ID, NTRNT_QTY, DALY_VAL_PCT, LESS_THAN_SW) VALUES (11641, 2, 9, 5.00, 10.00, 'N');
INSERT INTO EMD.NTRN_PAN_DTL (NTRN_PAN_HDR_ID, NTRN_PAN_COL_ID, NTRNT_ID, NTRNT_QTY, DALY_VAL_PCT, LESS_THAN_SW) VALUES (11641, 2, 10, 20.00, 40.00, 'N');
INSERT INTO EMD.NTRN_PAN_DTL (NTRN_PAN_HDR_ID, NTRN_PAN_COL_ID, NTRNT_ID, NTRNT_QTY, DALY_VAL_PCT, LESS_THAN_SW) VALUES (11641, 2, 11, 10.00, 50.00, 'N');
INSERT INTO EMD.NTRN_PAN_DTL (NTRN_PAN_HDR_ID, NTRN_PAN_COL_ID, NTRNT_ID, NTRNT_QTY, DALY_VAL_PCT, LESS_THAN_SW) VALUES (11641, 2, 12, 5.00, 0.00, 'N');
INSERT INTO EMD.NTRN_PAN_DTL (NTRN_PAN_HDR_ID, NTRN_PAN_COL_ID, NTRNT_ID, NTRNT_QTY, DALY_VAL_PCT, LESS_THAN_SW) VALUES (11641, 2, 13, null, 10.00, 'N');
INSERT INTO EMD.NTRN_PAN_DTL (NTRN_PAN_HDR_ID, NTRN_PAN_COL_ID, NTRNT_ID, NTRNT_QTY, DALY_VAL_PCT, LESS_THAN_SW) VALUES (11641, 2, 14, null, 5.00, 'N');
INSERT INTO EMD.NTRN_PAN_DTL (NTRN_PAN_HDR_ID, NTRN_PAN_COL_ID, NTRNT_ID, NTRNT_QTY, DALY_VAL_PCT, LESS_THAN_SW) VALUES (11641, 2, 15, 4.00, null, 'N');
INSERT INTO EMD.NTRN_PAN_DTL (NTRN_PAN_HDR_ID, NTRN_PAN_COL_ID, NTRNT_ID, NTRNT_QTY, DALY_VAL_PCT, LESS_THAN_SW) VALUES (11642, 1, 1, 2.00, 3.00, 'N');
INSERT INTO EMD.NTRN_PAN_DTL (NTRN_PAN_HDR_ID, NTRN_PAN_COL_ID, NTRNT_ID, NTRNT_QTY, DALY_VAL_PCT, LESS_THAN_SW) VALUES (11642, 1, 2, 2.00, 10.00, 'N');
INSERT INTO EMD.NTRN_PAN_DTL (NTRN_PAN_HDR_ID, NTRN_PAN_COL_ID, NTRNT_ID, NTRNT_QTY, DALY_VAL_PCT, LESS_THAN_SW) VALUES (11642, 1, 3, 1.00, null, 'N');
INSERT INTO EMD.NTRN_PAN_DTL (NTRN_PAN_HDR_ID, NTRN_PAN_COL_ID, NTRNT_ID, NTRNT_QTY, DALY_VAL_PCT, LESS_THAN_SW) VALUES (11642, 1, 4, 4.00, 1.00, 'N');
INSERT INTO EMD.NTRN_PAN_DTL (NTRN_PAN_HDR_ID, NTRN_PAN_COL_ID, NTRNT_ID, NTRNT_QTY, DALY_VAL_PCT, LESS_THAN_SW) VALUES (11642, 1, 5, 1.00, 0.00, 'N');
INSERT INTO EMD.NTRN_PAN_DTL (NTRN_PAN_HDR_ID, NTRN_PAN_COL_ID, NTRNT_ID, NTRNT_QTY, DALY_VAL_PCT, LESS_THAN_SW) VALUES (11642, 1, 6, 2.00, 1.00, 'N');
INSERT INTO EMD.NTRN_PAN_DTL (NTRN_PAN_HDR_ID, NTRN_PAN_COL_ID, NTRNT_ID, NTRNT_QTY, DALY_VAL_PCT, LESS_THAN_SW) VALUES (11642, 1, 7, 3.00, 11.00, 'N');
INSERT INTO EMD.NTRN_PAN_DTL (NTRN_PAN_HDR_ID, NTRN_PAN_COL_ID, NTRNT_ID, NTRNT_QTY, DALY_VAL_PCT, LESS_THAN_SW) VALUES (11642, 1, 8, 5.00, null, 'N');
INSERT INTO EMD.NTRN_PAN_DTL (NTRN_PAN_HDR_ID, NTRN_PAN_COL_ID, NTRNT_ID, NTRNT_QTY, DALY_VAL_PCT, LESS_THAN_SW) VALUES (11642, 1, 9, 1.00, 2.00, 'N');
INSERT INTO EMD.NTRN_PAN_DTL (NTRN_PAN_HDR_ID, NTRN_PAN_COL_ID, NTRNT_ID, NTRNT_QTY, DALY_VAL_PCT, LESS_THAN_SW) VALUES (11642, 1, 10, 6.00, 12.00, 'N');
INSERT INTO EMD.NTRN_PAN_DTL (NTRN_PAN_HDR_ID, NTRN_PAN_COL_ID, NTRNT_ID, NTRNT_QTY, DALY_VAL_PCT, LESS_THAN_SW) VALUES (11642, 1, 11, 2.00, 10.00, 'N');
INSERT INTO EMD.NTRN_PAN_DTL (NTRN_PAN_HDR_ID, NTRN_PAN_COL_ID, NTRNT_ID, NTRNT_QTY, DALY_VAL_PCT, LESS_THAN_SW) VALUES (11642, 1, 12, 1.00, 0.00, 'N');
INSERT INTO EMD.NTRN_PAN_DTL (NTRN_PAN_HDR_ID, NTRN_PAN_COL_ID, NTRNT_ID, NTRNT_QTY, DALY_VAL_PCT, LESS_THAN_SW) VALUES (11642, 1, 13, null, 5.00, 'N');
INSERT INTO EMD.NTRN_PAN_DTL (NTRN_PAN_HDR_ID, NTRN_PAN_COL_ID, NTRNT_ID, NTRNT_QTY, DALY_VAL_PCT, LESS_THAN_SW) VALUES (11642, 1, 14, null, 1.00, 'N');
INSERT INTO EMD.NTRN_PAN_DTL (NTRN_PAN_HDR_ID, NTRN_PAN_COL_ID, NTRNT_ID, NTRNT_QTY, DALY_VAL_PCT, LESS_THAN_SW) VALUES (11642, 1, 15, 1.00, null, 'N');
INSERT INTO EMD.NTRN_PAN_DTL (NTRN_PAN_HDR_ID, NTRN_PAN_COL_ID, NTRNT_ID, NTRNT_QTY, DALY_VAL_PCT, LESS_THAN_SW) VALUES (11642, 2, 1, 8.00, 10.00, 'N');
INSERT INTO EMD.NTRN_PAN_DTL (NTRN_PAN_HDR_ID, NTRN_PAN_COL_ID, NTRNT_ID, NTRNT_QTY, DALY_VAL_PCT, LESS_THAN_SW) VALUES (11642, 2, 2, 7.00, 35.00, 'N');
INSERT INTO EMD.NTRN_PAN_DTL (NTRN_PAN_HDR_ID, NTRN_PAN_COL_ID, NTRNT_ID, NTRNT_QTY, DALY_VAL_PCT, LESS_THAN_SW) VALUES (11642, 2, 3, 1.00, null, 'N');
INSERT INTO EMD.NTRN_PAN_DTL (NTRN_PAN_HDR_ID, NTRN_PAN_COL_ID, NTRNT_ID, NTRNT_QTY, DALY_VAL_PCT, LESS_THAN_SW) VALUES (11642, 2, 4, 20.00, 7.00, 'N');
INSERT INTO EMD.NTRN_PAN_DTL (NTRN_PAN_HDR_ID, NTRN_PAN_COL_ID, NTRNT_ID, NTRNT_QTY, DALY_VAL_PCT, LESS_THAN_SW) VALUES (11642, 2, 5, 5.00, 0.00, 'N');
INSERT INTO EMD.NTRN_PAN_DTL (NTRN_PAN_HDR_ID, NTRN_PAN_COL_ID, NTRNT_ID, NTRNT_QTY, DALY_VAL_PCT, LESS_THAN_SW) VALUES (11642, 2, 6, 10.00, 4.00, 'N');
INSERT INTO EMD.NTRN_PAN_DTL (NTRN_PAN_HDR_ID, NTRN_PAN_COL_ID, NTRNT_ID, NTRNT_QTY, DALY_VAL_PCT, LESS_THAN_SW) VALUES (11642, 2, 7, 12.00, 43.00, 'N');
INSERT INTO EMD.NTRN_PAN_DTL (NTRN_PAN_HDR_ID, NTRN_PAN_COL_ID, NTRNT_ID, NTRNT_QTY, DALY_VAL_PCT, LESS_THAN_SW) VALUES (11642, 2, 8, 20.00, null, 'N');
INSERT INTO EMD.NTRN_PAN_DTL (NTRN_PAN_HDR_ID, NTRN_PAN_COL_ID, NTRNT_ID, NTRNT_QTY, DALY_VAL_PCT, LESS_THAN_SW) VALUES (11642, 2, 9, 5.00, 10.00, 'N');
INSERT INTO EMD.NTRN_PAN_DTL (NTRN_PAN_HDR_ID, NTRN_PAN_COL_ID, NTRNT_ID, NTRNT_QTY, DALY_VAL_PCT, LESS_THAN_SW) VALUES (11642, 2, 10, 20.00, 40.00, 'N');
INSERT INTO EMD.NTRN_PAN_DTL (NTRN_PAN_HDR_ID, NTRN_PAN_COL_ID, NTRNT_ID, NTRNT_QTY, DALY_VAL_PCT, LESS_THAN_SW) VALUES (11642, 2, 11, 10.00, 50.00, 'N');
INSERT INTO EMD.NTRN_PAN_DTL (NTRN_PAN_HDR_ID, NTRN_PAN_COL_ID, NTRNT_ID, NTRNT_QTY, DALY_VAL_PCT, LESS_THAN_SW) VALUES (11642, 2, 12, 5.00, 0.00, 'N');
INSERT INTO EMD.NTRN_PAN_DTL (NTRN_PAN_HDR_ID, NTRN_PAN_COL_ID, NTRNT_ID, NTRNT_QTY, DALY_VAL_PCT, LESS_THAN_SW) VALUES (11642, 2, 13, null, 12.00, 'N');
INSERT INTO EMD.NTRN_PAN_DTL (NTRN_PAN_HDR_ID, NTRN_PAN_COL_ID, NTRNT_ID, NTRNT_QTY, DALY_VAL_PCT, LESS_THAN_SW) VALUES (11642, 2, 14, null, 5.00, 'N');
INSERT INTO EMD.NTRN_PAN_DTL (NTRN_PAN_HDR_ID, NTRN_PAN_COL_ID, NTRNT_ID, NTRNT_QTY, DALY_VAL_PCT, LESS_THAN_SW) VALUES (11642, 2, 15, 4.00, null, 'N');