INSERT INTO EMD.PD_UNIT_MEASURE (PD_LBL_UOM_CD, PD_UOM_MAINT_SW, PD_UOM_MAINT_DT, PD_UOM_DES, PD_UOM_EXT_DES, PD_UOM_TYP_SW, PD_UOM_FORM_SW, CRE8_TS, CRE8_UID, LST_UPDT_TS, LST_UPDT_UID) VALUES (1, ' ', TO_DATE('1995-09-12 00:00:00', 'YYYY-MM-DD HH24:MI:SS'), '*              ', 'USED FOR CALORIES        ', 'M', 'S', null, null, null, null);
INSERT INTO EMD.PD_UNIT_MEASURE (PD_LBL_UOM_CD, PD_UOM_MAINT_SW, PD_UOM_MAINT_DT, PD_UOM_DES, PD_UOM_EXT_DES, PD_UOM_TYP_SW, PD_UOM_FORM_SW, CRE8_TS, CRE8_UID, LST_UPDT_TS, LST_UPDT_UID) VALUES (2, ' ', TO_DATE('1995-09-12 00:00:00', 'YYYY-MM-DD HH24:MI:SS'), 'mg             ', 'SOLID ONLY               ', 'M', 'S', null, null, null, null);
INSERT INTO EMD.PD_UNIT_MEASURE (PD_LBL_UOM_CD, PD_UOM_MAINT_SW, PD_UOM_MAINT_DT, PD_UOM_DES, PD_UOM_EXT_DES, PD_UOM_TYP_SW, PD_UOM_FORM_SW, CRE8_TS, CRE8_UID, LST_UPDT_TS, LST_UPDT_UID) VALUES (3, ' ', TO_DATE('1995-09-12 00:00:00', 'YYYY-MM-DD HH24:MI:SS'), 'iu             ', 'USED FOR VITAMIN A       ', 'M', 'S', null, null, null, null);
INSERT INTO EMD.PD_UNIT_MEASURE (PD_LBL_UOM_CD, PD_UOM_MAINT_SW, PD_UOM_MAINT_DT, PD_UOM_DES, PD_UOM_EXT_DES, PD_UOM_TYP_SW, PD_UOM_FORM_SW, CRE8_TS, CRE8_UID, LST_UPDT_TS, LST_UPDT_UID) VALUES (4, ' ', TO_DATE('1995-09-12 00:00:00', 'YYYY-MM-DD HH24:MI:SS'), 'g              ', 'SOLID ONLY               ', 'M', 'S', null, null, null, null);
INSERT INTO EMD.PD_UNIT_MEASURE (PD_LBL_UOM_CD, PD_UOM_MAINT_SW, PD_UOM_MAINT_DT, PD_UOM_DES, PD_UOM_EXT_DES, PD_UOM_TYP_SW, PD_UOM_FORM_SW, CRE8_TS, CRE8_UID, LST_UPDT_TS, LST_UPDT_UID) VALUES (5, ' ', TO_DATE('1995-09-12 00:00:00', 'YYYY-MM-DD HH24:MI:SS'), 'oz             ', '                         ', 'C', 'S', null, null, null, null);
INSERT INTO EMD.PD_UNIT_MEASURE (PD_LBL_UOM_CD, PD_UOM_MAINT_SW, PD_UOM_MAINT_DT, PD_UOM_DES, PD_UOM_EXT_DES, PD_UOM_TYP_SW, PD_UOM_FORM_SW, CRE8_TS, CRE8_UID, LST_UPDT_TS, LST_UPDT_UID) VALUES (6, ' ', TO_DATE('1995-09-12 00:00:00', 'YYYY-MM-DD HH24:MI:SS'), 'mcg            ', 'PRODUCT DEVELOPMENT      ', 'M', 'S', null, null, null, null);
INSERT INTO EMD.PD_UNIT_MEASURE (PD_LBL_UOM_CD, PD_UOM_MAINT_SW, PD_UOM_MAINT_DT, PD_UOM_DES, PD_UOM_EXT_DES, PD_UOM_TYP_SW, PD_UOM_FORM_SW, CRE8_TS, CRE8_UID, LST_UPDT_TS, LST_UPDT_UID) VALUES (7, ' ', TO_DATE('1995-09-12 00:00:00', 'YYYY-MM-DD HH24:MI:SS'), 'piece          ', '                         ', 'C', 'S', null, null, null, null);
INSERT INTO EMD.PD_UNIT_MEASURE (PD_LBL_UOM_CD, PD_UOM_MAINT_SW, PD_UOM_MAINT_DT, PD_UOM_DES, PD_UOM_EXT_DES, PD_UOM_TYP_SW, PD_UOM_FORM_SW, CRE8_TS, CRE8_UID, LST_UPDT_TS, LST_UPDT_UID) VALUES (8, ' ', TO_DATE('1995-09-20 00:00:00', 'YYYY-MM-DD HH24:MI:SS'), 'pieces         ', '                         ', 'C', 'S', null, null, null, null);
INSERT INTO EMD.PD_UNIT_MEASURE (PD_LBL_UOM_CD, PD_UOM_MAINT_SW, PD_UOM_MAINT_DT, PD_UOM_DES, PD_UOM_EXT_DES, PD_UOM_TYP_SW, PD_UOM_FORM_SW, CRE8_TS, CRE8_UID, LST_UPDT_TS, LST_UPDT_UID) VALUES (9, ' ', TO_DATE('1995-09-12 00:00:00', 'YYYY-MM-DD HH24:MI:SS'), 'pint           ', 'ICE CREAM                ', 'C', 'S', null, null, null, null);
INSERT INTO EMD.PD_UNIT_MEASURE (PD_LBL_UOM_CD, PD_UOM_MAINT_SW, PD_UOM_MAINT_DT, PD_UOM_DES, PD_UOM_EXT_DES, PD_UOM_TYP_SW, PD_UOM_FORM_SW, CRE8_TS, CRE8_UID, LST_UPDT_TS, LST_UPDT_UID) VALUES (10, ' ', TO_DATE('1995-09-12 00:00:00', 'YYYY-MM-DD HH24:MI:SS'), 'tsp            ', '                         ', 'C', 'S', null, null, null, null);
INSERT INTO EMD.PD_UNIT_MEASURE (PD_LBL_UOM_CD, PD_UOM_MAINT_SW, PD_UOM_MAINT_DT, PD_UOM_DES, PD_UOM_EXT_DES, PD_UOM_TYP_SW, PD_UOM_FORM_SW, CRE8_TS, CRE8_UID, LST_UPDT_TS, LST_UPDT_UID) VALUES (11, ' ', TO_DATE('1995-09-12 00:00:00', 'YYYY-MM-DD HH24:MI:SS'), 'bagel          ', '                         ', 'C', 'S', null, null, null, null);
INSERT INTO EMD.PD_UNIT_MEASURE (PD_LBL_UOM_CD, PD_UOM_MAINT_SW, PD_UOM_MAINT_DT, PD_UOM_DES, PD_UOM_EXT_DES, PD_UOM_TYP_SW, PD_UOM_FORM_SW, CRE8_TS, CRE8_UID, LST_UPDT_TS, LST_UPDT_UID) VALUES (12, ' ', TO_DATE('1995-09-12 00:00:00', 'YYYY-MM-DD HH24:MI:SS'), 'mL             ', 'LIQUID ONLY              ', 'M', 'L', null, null, null, null);
INSERT INTO EMD.PD_UNIT_MEASURE (PD_LBL_UOM_CD, PD_UOM_MAINT_SW, PD_UOM_MAINT_DT, PD_UOM_DES, PD_UOM_EXT_DES, PD_UOM_TYP_SW, PD_UOM_FORM_SW, CRE8_TS, CRE8_UID, LST_UPDT_TS, LST_UPDT_UID) VALUES (13, ' ', TO_DATE('1995-09-12 00:00:00', 'YYYY-MM-DD HH24:MI:SS'), 'swirl          ', 'FRITTER                  ', 'C', 'S', null, null, null, null);
INSERT INTO EMD.PD_UNIT_MEASURE (PD_LBL_UOM_CD, PD_UOM_MAINT_SW, PD_UOM_MAINT_DT, PD_UOM_DES, PD_UOM_EXT_DES, PD_UOM_TYP_SW, PD_UOM_FORM_SW, CRE8_TS, CRE8_UID, LST_UPDT_TS, LST_UPDT_UID) VALUES (14, ' ', TO_DATE('1995-09-12 00:00:00', 'YYYY-MM-DD HH24:MI:SS'), 'cup            ', '                         ', 'C', 'S', null, null, null, null);
INSERT INTO EMD.PD_UNIT_MEASURE (PD_LBL_UOM_CD, PD_UOM_MAINT_SW, PD_UOM_MAINT_DT, PD_UOM_DES, PD_UOM_EXT_DES, PD_UOM_TYP_SW, PD_UOM_FORM_SW, CRE8_TS, CRE8_UID, LST_UPDT_TS, LST_UPDT_UID) VALUES (15, ' ', TO_DATE('2002-08-20 00:00:00', 'YYYY-MM-DD HH24:MI:SS'), 'bar            ', '                         ', 'C', 'S', null, null, null, null);
INSERT INTO EMD.PD_UNIT_MEASURE (PD_LBL_UOM_CD, PD_UOM_MAINT_SW, PD_UOM_MAINT_DT, PD_UOM_DES, PD_UOM_EXT_DES, PD_UOM_TYP_SW, PD_UOM_FORM_SW, CRE8_TS, CRE8_UID, LST_UPDT_TS, LST_UPDT_UID) VALUES (16, ' ', TO_DATE('1995-09-12 00:00:00', 'YYYY-MM-DD HH24:MI:SS'), 'roll           ', 'SWEET GOODS              ', 'C', 'S', null, null, null, null);
INSERT INTO EMD.PD_UNIT_MEASURE (PD_LBL_UOM_CD, PD_UOM_MAINT_SW, PD_UOM_MAINT_DT, PD_UOM_DES, PD_UOM_EXT_DES, PD_UOM_TYP_SW, PD_UOM_FORM_SW, CRE8_TS, CRE8_UID, LST_UPDT_TS, LST_UPDT_UID) VALUES (17, ' ', TO_DATE('1995-09-12 00:00:00', 'YYYY-MM-DD HH24:MI:SS'), 'slice          ', 'CAKE OR PIE              ', 'C', 'S', null, null, null, null);
INSERT INTO EMD.PD_UNIT_MEASURE (PD_LBL_UOM_CD, PD_UOM_MAINT_SW, PD_UOM_MAINT_DT, PD_UOM_DES, PD_UOM_EXT_DES, PD_UOM_TYP_SW, PD_UOM_FORM_SW, CRE8_TS, CRE8_UID, LST_UPDT_TS, LST_UPDT_UID) VALUES (18, ' ', TO_DATE('1995-09-12 00:00:00', 'YYYY-MM-DD HH24:MI:SS'), 'cake           ', '                         ', 'C', 'S', null, null, null, null);
INSERT INTO EMD.PD_UNIT_MEASURE (PD_LBL_UOM_CD, PD_UOM_MAINT_SW, PD_UOM_MAINT_DT, PD_UOM_DES, PD_UOM_EXT_DES, PD_UOM_TYP_SW, PD_UOM_FORM_SW, CRE8_TS, CRE8_UID, LST_UPDT_TS, LST_UPDT_UID) VALUES (19, ' ', TO_DATE('1995-09-12 00:00:00', 'YYYY-MM-DD HH24:MI:SS'), 'tbsp           ', '                         ', 'C', 'S', null, null, null, null);
INSERT INTO EMD.PD_UNIT_MEASURE (PD_LBL_UOM_CD, PD_UOM_MAINT_SW, PD_UOM_MAINT_DT, PD_UOM_DES, PD_UOM_EXT_DES, PD_UOM_TYP_SW, PD_UOM_FORM_SW, CRE8_TS, CRE8_UID, LST_UPDT_TS, LST_UPDT_UID) VALUES (20, ' ', TO_DATE('1995-09-12 00:00:00', 'YYYY-MM-DD HH24:MI:SS'), 'fl oz          ', 'LIQUID ONLY              ', 'C', 'L', null, null, null, null);
INSERT INTO EMD.PD_UNIT_MEASURE (PD_LBL_UOM_CD, PD_UOM_MAINT_SW, PD_UOM_MAINT_DT, PD_UOM_DES, PD_UOM_EXT_DES, PD_UOM_TYP_SW, PD_UOM_FORM_SW, CRE8_TS, CRE8_UID, LST_UPDT_TS, LST_UPDT_UID) VALUES (21, ' ', TO_DATE('1995-09-12 00:00:00', 'YYYY-MM-DD HH24:MI:SS'), 'cupcake        ', '                         ', 'C', 'S', null, null, null, null);
INSERT INTO EMD.PD_UNIT_MEASURE (PD_LBL_UOM_CD, PD_UOM_MAINT_SW, PD_UOM_MAINT_DT, PD_UOM_DES, PD_UOM_EXT_DES, PD_UOM_TYP_SW, PD_UOM_FORM_SW, CRE8_TS, CRE8_UID, LST_UPDT_TS, LST_UPDT_UID) VALUES (22, ' ', TO_DATE('1995-09-12 00:00:00', 'YYYY-MM-DD HH24:MI:SS'), 'brownie        ', '                         ', 'C', 'S', null, null, null, null);
INSERT INTO EMD.PD_UNIT_MEASURE (PD_LBL_UOM_CD, PD_UOM_MAINT_SW, PD_UOM_MAINT_DT, PD_UOM_DES, PD_UOM_EXT_DES, PD_UOM_TYP_SW, PD_UOM_FORM_SW, CRE8_TS, CRE8_UID, LST_UPDT_TS, LST_UPDT_UID) VALUES (23, ' ', TO_DATE('2008-04-22 00:00:00', 'YYYY-MM-DD HH24:MI:SS'), 'fry slice      ', 'BACON                    ', 'C', 'S', null, null, null, null);
INSERT INTO EMD.PD_UNIT_MEASURE (PD_LBL_UOM_CD, PD_UOM_MAINT_SW, PD_UOM_MAINT_DT, PD_UOM_DES, PD_UOM_EXT_DES, PD_UOM_TYP_SW, PD_UOM_FORM_SW, CRE8_TS, CRE8_UID, LST_UPDT_TS, LST_UPDT_UID) VALUES (24, ' ', TO_DATE('2008-03-14 00:00:00', 'YYYY-MM-DD HH24:MI:SS'), 'croisant       ', '                         ', 'C', 'S', null, null, null, null);
INSERT INTO EMD.PD_UNIT_MEASURE (PD_LBL_UOM_CD, PD_UOM_MAINT_SW, PD_UOM_MAINT_DT, PD_UOM_DES, PD_UOM_EXT_DES, PD_UOM_TYP_SW, PD_UOM_FORM_SW, CRE8_TS, CRE8_UID, LST_UPDT_TS, LST_UPDT_UID) VALUES (25, ' ', TO_DATE('1995-09-12 00:00:00', 'YYYY-MM-DD HH24:MI:SS'), 'pie            ', '                         ', 'C', 'S', null, null, null, null);
INSERT INTO EMD.PD_UNIT_MEASURE (PD_LBL_UOM_CD, PD_UOM_MAINT_SW, PD_UOM_MAINT_DT, PD_UOM_DES, PD_UOM_EXT_DES, PD_UOM_TYP_SW, PD_UOM_FORM_SW, CRE8_TS, CRE8_UID, LST_UPDT_TS, LST_UPDT_UID) VALUES (26, ' ', TO_DATE('1995-10-06 00:00:00', 'YYYY-MM-DD HH24:MI:SS'), 'slices         ', 'BREAD                    ', 'C', 'S', null, null, null, null);
INSERT INTO EMD.PD_UNIT_MEASURE (PD_LBL_UOM_CD, PD_UOM_MAINT_SW, PD_UOM_MAINT_DT, PD_UOM_DES, PD_UOM_EXT_DES, PD_UOM_TYP_SW, PD_UOM_FORM_SW, CRE8_TS, CRE8_UID, LST_UPDT_TS, LST_UPDT_UID) VALUES (27, ' ', TO_DATE('1995-11-29 00:00:00', 'YYYY-MM-DD HH24:MI:SS'), 'link           ', '                         ', 'C', 'S', null, null, null, null);
INSERT INTO EMD.PD_UNIT_MEASURE (PD_LBL_UOM_CD, PD_UOM_MAINT_SW, PD_UOM_MAINT_DT, PD_UOM_DES, PD_UOM_EXT_DES, PD_UOM_TYP_SW, PD_UOM_FORM_SW, CRE8_TS, CRE8_UID, LST_UPDT_TS, LST_UPDT_UID) VALUES (28, ' ', TO_DATE('2002-03-20 00:00:00', 'YYYY-MM-DD HH24:MI:SS'), 'tamales        ', '                         ', 'C', 'S', null, null, null, null);
INSERT INTO EMD.PD_UNIT_MEASURE (PD_LBL_UOM_CD, PD_UOM_MAINT_SW, PD_UOM_MAINT_DT, PD_UOM_DES, PD_UOM_EXT_DES, PD_UOM_TYP_SW, PD_UOM_FORM_SW, CRE8_TS, CRE8_UID, LST_UPDT_TS, LST_UPDT_UID) VALUES (29, ' ', TO_DATE('1996-01-26 00:00:00', 'YYYY-MM-DD HH24:MI:SS'), 'sausage        ', '                         ', 'C', 'S', null, null, null, null);
INSERT INTO EMD.PD_UNIT_MEASURE (PD_LBL_UOM_CD, PD_UOM_MAINT_SW, PD_UOM_MAINT_DT, PD_UOM_DES, PD_UOM_EXT_DES, PD_UOM_TYP_SW, PD_UOM_FORM_SW, CRE8_TS, CRE8_UID, LST_UPDT_TS, LST_UPDT_UID) VALUES (30, ' ', TO_DATE('1996-01-26 00:00:00', 'YYYY-MM-DD HH24:MI:SS'), 'weiner         ', '                         ', 'C', 'S', null, null, null, null);
INSERT INTO EMD.PD_UNIT_MEASURE (PD_LBL_UOM_CD, PD_UOM_MAINT_SW, PD_UOM_MAINT_DT, PD_UOM_DES, PD_UOM_EXT_DES, PD_UOM_TYP_SW, PD_UOM_FORM_SW, CRE8_TS, CRE8_UID, LST_UPDT_TS, LST_UPDT_UID) VALUES (31, ' ', TO_DATE('2002-03-20 00:00:00', 'YYYY-MM-DD HH24:MI:SS'), 'biscuit        ', '                         ', 'C', 'S', null, null, null, null);
INSERT INTO EMD.PD_UNIT_MEASURE (PD_LBL_UOM_CD, PD_UOM_MAINT_SW, PD_UOM_MAINT_DT, PD_UOM_DES, PD_UOM_EXT_DES, PD_UOM_TYP_SW, PD_UOM_FORM_SW, CRE8_TS, CRE8_UID, LST_UPDT_TS, LST_UPDT_UID) VALUES (32, ' ', TO_DATE('1996-09-09 00:00:00', 'YYYY-MM-DD HH24:MI:SS'), 'pastry         ', '                         ', 'C', 'S', null, null, null, null);
INSERT INTO EMD.PD_UNIT_MEASURE (PD_LBL_UOM_CD, PD_UOM_MAINT_SW, PD_UOM_MAINT_DT, PD_UOM_DES, PD_UOM_EXT_DES, PD_UOM_TYP_SW, PD_UOM_FORM_SW, CRE8_TS, CRE8_UID, LST_UPDT_TS, LST_UPDT_UID) VALUES (33, ' ', TO_DATE('1996-09-09 00:00:00', 'YYYY-MM-DD HH24:MI:SS'), '/9 pie         ', '(1/9 PIE) 9"             ', 'C', 'S', null, null, null, null);
INSERT INTO EMD.PD_UNIT_MEASURE (PD_LBL_UOM_CD, PD_UOM_MAINT_SW, PD_UOM_MAINT_DT, PD_UOM_DES, PD_UOM_EXT_DES, PD_UOM_TYP_SW, PD_UOM_FORM_SW, CRE8_TS, CRE8_UID, LST_UPDT_TS, LST_UPDT_UID) VALUES (34, ' ', TO_DATE('2002-03-20 00:00:00', 'YYYY-MM-DD HH24:MI:SS'), 'turnover       ', '                         ', 'C', 'S', null, null, null, null);
INSERT INTO EMD.PD_UNIT_MEASURE (PD_LBL_UOM_CD, PD_UOM_MAINT_SW, PD_UOM_MAINT_DT, PD_UOM_DES, PD_UOM_EXT_DES, PD_UOM_TYP_SW, PD_UOM_FORM_SW, CRE8_TS, CRE8_UID, LST_UPDT_TS, LST_UPDT_UID) VALUES (35, ' ', TO_DATE('1996-09-09 00:00:00', 'YYYY-MM-DD HH24:MI:SS'), 'stick          ', 'PASTRY                   ', 'C', 'S', null, null, null, null);
INSERT INTO EMD.PD_UNIT_MEASURE (PD_LBL_UOM_CD, PD_UOM_MAINT_SW, PD_UOM_MAINT_DT, PD_UOM_DES, PD_UOM_EXT_DES, PD_UOM_TYP_SW, PD_UOM_FORM_SW, CRE8_TS, CRE8_UID, LST_UPDT_TS, LST_UPDT_UID) VALUES (36, ' ', TO_DATE('1996-09-09 00:00:00', 'YYYY-MM-DD HH24:MI:SS'), 'strudel        ', '                         ', 'C', 'S', null, null, null, null);
INSERT INTO EMD.PD_UNIT_MEASURE (PD_LBL_UOM_CD, PD_UOM_MAINT_SW, PD_UOM_MAINT_DT, PD_UOM_DES, PD_UOM_EXT_DES, PD_UOM_TYP_SW, PD_UOM_FORM_SW, CRE8_TS, CRE8_UID, LST_UPDT_TS, LST_UPDT_UID) VALUES (37, ' ', TO_DATE('1996-09-09 00:00:00', 'YYYY-MM-DD HH24:MI:SS'), 'bites          ', 'STRUDEL BITES            ', 'C', 'S', null, null, null, null);
INSERT INTO EMD.PD_UNIT_MEASURE (PD_LBL_UOM_CD, PD_UOM_MAINT_SW, PD_UOM_MAINT_DT, PD_UOM_DES, PD_UOM_EXT_DES, PD_UOM_TYP_SW, PD_UOM_FORM_SW, CRE8_TS, CRE8_UID, LST_UPDT_TS, LST_UPDT_UID) VALUES (38, ' ', TO_DATE('1996-09-11 00:00:00', 'YYYY-MM-DD HH24:MI:SS'), 'ribs           ', 'BBQ                      ', 'C', 'S', null, null, null, null);
INSERT INTO EMD.PD_UNIT_MEASURE (PD_LBL_UOM_CD, PD_UOM_MAINT_SW, PD_UOM_MAINT_DT, PD_UOM_DES, PD_UOM_EXT_DES, PD_UOM_TYP_SW, PD_UOM_FORM_SW, CRE8_TS, CRE8_UID, LST_UPDT_TS, LST_UPDT_UID) VALUES (39, ' ', TO_DATE('1996-11-19 00:00:00', 'YYYY-MM-DD HH24:MI:SS'), 'bagels         ', 'MINI-BAGELS              ', 'C', 'S', null, null, null, null);
INSERT INTO EMD.PD_UNIT_MEASURE (PD_LBL_UOM_CD, PD_UOM_MAINT_SW, PD_UOM_MAINT_DT, PD_UOM_DES, PD_UOM_EXT_DES, PD_UOM_TYP_SW, PD_UOM_FORM_SW, CRE8_TS, CRE8_UID, LST_UPDT_TS, LST_UPDT_UID) VALUES (40, ' ', TO_DATE('1996-11-22 00:00:00', 'YYYY-MM-DD HH24:MI:SS'), 'pizza          ', 'DELI                     ', 'C', 'S', null, null, null, null);
INSERT INTO EMD.PD_UNIT_MEASURE (PD_LBL_UOM_CD, PD_UOM_MAINT_SW, PD_UOM_MAINT_DT, PD_UOM_DES, PD_UOM_EXT_DES, PD_UOM_TYP_SW, PD_UOM_FORM_SW, CRE8_TS, CRE8_UID, LST_UPDT_TS, LST_UPDT_UID) VALUES (41, ' ', TO_DATE('2001-04-02 00:00:00', 'YYYY-MM-DD HH24:MI:SS'), 'olives         ', '                         ', 'C', 'S', null, null, null, null);
INSERT INTO EMD.PD_UNIT_MEASURE (PD_LBL_UOM_CD, PD_UOM_MAINT_SW, PD_UOM_MAINT_DT, PD_UOM_DES, PD_UOM_EXT_DES, PD_UOM_TYP_SW, PD_UOM_FORM_SW, CRE8_TS, CRE8_UID, LST_UPDT_TS, LST_UPDT_UID) VALUES (42, ' ', TO_DATE('2002-03-20 00:00:00', 'YYYY-MM-DD HH24:MI:SS'), 'sandwich       ', '                         ', 'C', 'S', null, null, null, null);
INSERT INTO EMD.PD_UNIT_MEASURE (PD_LBL_UOM_CD, PD_UOM_MAINT_SW, PD_UOM_MAINT_DT, PD_UOM_DES, PD_UOM_EXT_DES, PD_UOM_TYP_SW, PD_UOM_FORM_SW, CRE8_TS, CRE8_UID, LST_UPDT_TS, LST_UPDT_UID) VALUES (43, ' ', TO_DATE('2000-01-21 00:00:00', 'YYYY-MM-DD HH24:MI:SS'), 'loaf           ', 'BREAD                    ', 'C', 'S', null, null, null, null);
INSERT INTO EMD.PD_UNIT_MEASURE (PD_LBL_UOM_CD, PD_UOM_MAINT_SW, PD_UOM_MAINT_DT, PD_UOM_DES, PD_UOM_EXT_DES, PD_UOM_TYP_SW, PD_UOM_FORM_SW, CRE8_TS, CRE8_UID, LST_UPDT_TS, LST_UPDT_UID) VALUES (44, ' ', TO_DATE('1995-11-17 00:00:00', 'YYYY-MM-DD HH24:MI:SS'), 'rib            ', 'BBQ                      ', 'C', 'S', null, null, null, null);
INSERT INTO EMD.PD_UNIT_MEASURE (PD_LBL_UOM_CD, PD_UOM_MAINT_SW, PD_UOM_MAINT_DT, PD_UOM_DES, PD_UOM_EXT_DES, PD_UOM_TYP_SW, PD_UOM_FORM_SW, CRE8_TS, CRE8_UID, LST_UPDT_TS, LST_UPDT_UID) VALUES (45, ' ', TO_DATE('2008-04-22 00:00:00', 'YYYY-MM-DD HH24:MI:SS'), '1/2"slice      ', 'UNSLICED BREADS          ', 'C', 'S', null, null, null, null);
INSERT INTO EMD.PD_UNIT_MEASURE (PD_LBL_UOM_CD, PD_UOM_MAINT_SW, PD_UOM_MAINT_DT, PD_UOM_DES, PD_UOM_EXT_DES, PD_UOM_TYP_SW, PD_UOM_FORM_SW, CRE8_TS, CRE8_UID, LST_UPDT_TS, LST_UPDT_UID) VALUES (46, ' ', TO_DATE('1999-06-23 00:00:00', 'YYYY-MM-DD HH24:MI:SS'), 'bun            ', 'BUNS                     ', 'C', 'S', null, null, null, null);
INSERT INTO EMD.PD_UNIT_MEASURE (PD_LBL_UOM_CD, PD_UOM_MAINT_SW, PD_UOM_MAINT_DT, PD_UOM_DES, PD_UOM_EXT_DES, PD_UOM_TYP_SW, PD_UOM_FORM_SW, CRE8_TS, CRE8_UID, LST_UPDT_TS, LST_UPDT_UID) VALUES (47, ' ', TO_DATE('2002-03-20 00:00:00', 'YYYY-MM-DD HH24:MI:SS'), 'fillet         ', 'SEAFOOD                  ', 'C', 'S', null, null, null, null);
INSERT INTO EMD.PD_UNIT_MEASURE (PD_LBL_UOM_CD, PD_UOM_MAINT_SW, PD_UOM_MAINT_DT, PD_UOM_DES, PD_UOM_EXT_DES, PD_UOM_TYP_SW, PD_UOM_FORM_SW, CRE8_TS, CRE8_UID, LST_UPDT_TS, LST_UPDT_UID) VALUES (48, ' ', TO_DATE('2002-03-27 00:00:00', 'YYYY-MM-DD HH24:MI:SS'), 'pickles        ', '                         ', 'C', 'S', null, null, null, null);
INSERT INTO EMD.PD_UNIT_MEASURE (PD_LBL_UOM_CD, PD_UOM_MAINT_SW, PD_UOM_MAINT_DT, PD_UOM_DES, PD_UOM_EXT_DES, PD_UOM_TYP_SW, PD_UOM_FORM_SW, CRE8_TS, CRE8_UID, LST_UPDT_TS, LST_UPDT_UID) VALUES (49, ' ', TO_DATE('2002-03-27 00:00:00', 'YYYY-MM-DD HH24:MI:SS'), 'portion        ', '                         ', 'C', 'S', null, null, null, null);
INSERT INTO EMD.PD_UNIT_MEASURE (PD_LBL_UOM_CD, PD_UOM_MAINT_SW, PD_UOM_MAINT_DT, PD_UOM_DES, PD_UOM_EXT_DES, PD_UOM_TYP_SW, PD_UOM_FORM_SW, CRE8_TS, CRE8_UID, LST_UPDT_TS, LST_UPDT_UID) VALUES (50, ' ', TO_DATE('1995-09-12 00:00:00', 'YYYY-MM-DD HH24:MI:SS'), 'muffin         ', '                         ', 'C', 'S', null, null, null, null);
INSERT INTO EMD.PD_UNIT_MEASURE (PD_LBL_UOM_CD, PD_UOM_MAINT_SW, PD_UOM_MAINT_DT, PD_UOM_DES, PD_UOM_EXT_DES, PD_UOM_TYP_SW, PD_UOM_FORM_SW, CRE8_TS, CRE8_UID, LST_UPDT_TS, LST_UPDT_UID) VALUES (51, ' ', TO_DATE('1995-09-12 00:00:00', 'YYYY-MM-DD HH24:MI:SS'), 'doughnut       ', '                         ', 'C', 'S', null, null, null, null);
INSERT INTO EMD.PD_UNIT_MEASURE (PD_LBL_UOM_CD, PD_UOM_MAINT_SW, PD_UOM_MAINT_DT, PD_UOM_DES, PD_UOM_EXT_DES, PD_UOM_TYP_SW, PD_UOM_FORM_SW, CRE8_TS, CRE8_UID, LST_UPDT_TS, LST_UPDT_UID) VALUES (52, ' ', TO_DATE('1996-09-16 00:00:00', 'YYYY-MM-DD HH24:MI:SS'), 'tortilla       ', '                         ', 'C', 'S', null, null, null, null);
INSERT INTO EMD.PD_UNIT_MEASURE (PD_LBL_UOM_CD, PD_UOM_MAINT_SW, PD_UOM_MAINT_DT, PD_UOM_DES, PD_UOM_EXT_DES, PD_UOM_TYP_SW, PD_UOM_FORM_SW, CRE8_TS, CRE8_UID, LST_UPDT_TS, LST_UPDT_UID) VALUES (53, ' ', TO_DATE('1996-09-05 00:00:00', 'YYYY-MM-DD HH24:MI:SS'), 'cookie         ', '                         ', 'C', 'S', null, null, null, null);
INSERT INTO EMD.PD_UNIT_MEASURE (PD_LBL_UOM_CD, PD_UOM_MAINT_SW, PD_UOM_MAINT_DT, PD_UOM_DES, PD_UOM_EXT_DES, PD_UOM_TYP_SW, PD_UOM_FORM_SW, CRE8_TS, CRE8_UID, LST_UPDT_TS, LST_UPDT_UID) VALUES (54, ' ', TO_DATE('1995-09-12 00:00:00', 'YYYY-MM-DD HH24:MI:SS'), 'roll           ', '                         ', 'C', 'S', null, null, null, null);
INSERT INTO EMD.PD_UNIT_MEASURE (PD_LBL_UOM_CD, PD_UOM_MAINT_SW, PD_UOM_MAINT_DT, PD_UOM_DES, PD_UOM_EXT_DES, PD_UOM_TYP_SW, PD_UOM_FORM_SW, CRE8_TS, CRE8_UID, LST_UPDT_TS, LST_UPDT_UID) VALUES (55, ' ', TO_DATE('1995-09-12 00:00:00', 'YYYY-MM-DD HH24:MI:SS'), 'quart          ', 'LIQUID ONLY              ', 'C', 'L', null, null, null, null);
INSERT INTO EMD.PD_UNIT_MEASURE (PD_LBL_UOM_CD, PD_UOM_MAINT_SW, PD_UOM_MAINT_DT, PD_UOM_DES, PD_UOM_EXT_DES, PD_UOM_TYP_SW, PD_UOM_FORM_SW, CRE8_TS, CRE8_UID, LST_UPDT_TS, LST_UPDT_UID) VALUES (56, ' ', TO_DATE('1995-10-09 00:00:00', 'YYYY-MM-DD HH24:MI:SS'), 'cookie         ', '                         ', 'C', 'S', null, null, null, null);
INSERT INTO EMD.PD_UNIT_MEASURE (PD_LBL_UOM_CD, PD_UOM_MAINT_SW, PD_UOM_MAINT_DT, PD_UOM_DES, PD_UOM_EXT_DES, PD_UOM_TYP_SW, PD_UOM_FORM_SW, CRE8_TS, CRE8_UID, LST_UPDT_TS, LST_UPDT_UID) VALUES (57, ' ', TO_DATE('1999-02-26 00:00:00', 'YYYY-MM-DD HH24:MI:SS'), 'cube inch      ', 'CHEESE                   ', 'C', 'S', null, null, null, null);
INSERT INTO EMD.PD_UNIT_MEASURE (PD_LBL_UOM_CD, PD_UOM_MAINT_SW, PD_UOM_MAINT_DT, PD_UOM_DES, PD_UOM_EXT_DES, PD_UOM_TYP_SW, PD_UOM_FORM_SW, CRE8_TS, CRE8_UID, LST_UPDT_TS, LST_UPDT_UID) VALUES (58, ' ', TO_DATE('2003-12-03 00:00:00', 'YYYY-MM-DD HH24:MI:SS'), 'pita           ', 'BREAD                    ', 'C', 'S', null, null, null, null);
INSERT INTO EMD.PD_UNIT_MEASURE (PD_LBL_UOM_CD, PD_UOM_MAINT_SW, PD_UOM_MAINT_DT, PD_UOM_DES, PD_UOM_EXT_DES, PD_UOM_TYP_SW, PD_UOM_FORM_SW, CRE8_TS, CRE8_UID, LST_UPDT_TS, LST_UPDT_UID) VALUES (59, ' ', TO_DATE('2006-04-11 00:00:00', 'YYYY-MM-DD HH24:MI:SS'), 'EACH           ', '                         ', 'C', 'S', null, null, null, null);
INSERT INTO EMD.PD_UNIT_MEASURE (PD_LBL_UOM_CD, PD_UOM_MAINT_SW, PD_UOM_MAINT_DT, PD_UOM_DES, PD_UOM_EXT_DES, PD_UOM_TYP_SW, PD_UOM_FORM_SW, CRE8_TS, CRE8_UID, LST_UPDT_TS, LST_UPDT_UID) VALUES (60, ' ', TO_DATE('2007-08-09 00:00:00', 'YYYY-MM-DD HH24:MI:SS'), 'square         ', '                         ', 'C', 'S', null, null, null, null);
INSERT INTO EMD.PD_UNIT_MEASURE (PD_LBL_UOM_CD, PD_UOM_MAINT_SW, PD_UOM_MAINT_DT, PD_UOM_DES, PD_UOM_EXT_DES, PD_UOM_TYP_SW, PD_UOM_FORM_SW, CRE8_TS, CRE8_UID, LST_UPDT_TS, LST_UPDT_UID) VALUES (61, ' ', TO_DATE('2008-07-10 00:00:00', 'YYYY-MM-DD HH24:MI:SS'), 'cup(dry)       ', '                         ', 'C', 'S', null, null, null, null);
INSERT INTO EMD.PD_UNIT_MEASURE (PD_LBL_UOM_CD, PD_UOM_MAINT_SW, PD_UOM_MAINT_DT, PD_UOM_DES, PD_UOM_EXT_DES, PD_UOM_TYP_SW, PD_UOM_FORM_SW, CRE8_TS, CRE8_UID, LST_UPDT_TS, LST_UPDT_UID) VALUES (62, ' ', TO_DATE('2012-06-05 00:00:00', 'YYYY-MM-DD HH24:MI:SS'), 'dinner         ', 'DINNER                   ', 'C', 'S', null, null, null, null);
INSERT INTO EMD.PD_UNIT_MEASURE (PD_LBL_UOM_CD, PD_UOM_MAINT_SW, PD_UOM_MAINT_DT, PD_UOM_DES, PD_UOM_EXT_DES, PD_UOM_TYP_SW, PD_UOM_FORM_SW, CRE8_TS, CRE8_UID, LST_UPDT_TS, LST_UPDT_UID) VALUES (63, ' ', TO_DATE('2012-07-02 00:00:00', 'YYYY-MM-DD HH24:MI:SS'), 'container      ', '                         ', 'C', 'S', null, null, null, null);
INSERT INTO EMD.PD_UNIT_MEASURE (PD_LBL_UOM_CD, PD_UOM_MAINT_SW, PD_UOM_MAINT_DT, PD_UOM_DES, PD_UOM_EXT_DES, PD_UOM_TYP_SW, PD_UOM_FORM_SW, CRE8_TS, CRE8_UID, LST_UPDT_TS, LST_UPDT_UID) VALUES (64, ' ', TO_DATE('2013-01-07 00:00:00', 'YYYY-MM-DD HH24:MI:SS'), 'chicken        ', '                         ', 'C', 'S', null, null, null, null);
INSERT INTO EMD.PD_UNIT_MEASURE (PD_LBL_UOM_CD, PD_UOM_MAINT_SW, PD_UOM_MAINT_DT, PD_UOM_DES, PD_UOM_EXT_DES, PD_UOM_TYP_SW, PD_UOM_FORM_SW, CRE8_TS, CRE8_UID, LST_UPDT_TS, LST_UPDT_UID) VALUES (65, 'D', TO_DATE('2018-12-18 00:00:00', 'YYYY-MM-DD HH24:MI:SS'), 'tray           ', '                         ', 'C', 'S', null, null, TO_TIMESTAMP('2018-12-18 05:16:24.366000', 'YYYY-MM-DD HH24:MI:SS.FF6'), 'sadc001             ');
INSERT INTO EMD.PD_UNIT_MEASURE (PD_LBL_UOM_CD, PD_UOM_MAINT_SW, PD_UOM_MAINT_DT, PD_UOM_DES, PD_UOM_EXT_DES, PD_UOM_TYP_SW, PD_UOM_FORM_SW, CRE8_TS, CRE8_UID, LST_UPDT_TS, LST_UPDT_UID) VALUES (67, 'A', TO_DATE('2018-12-18 00:00:00', 'YYYY-MM-DD HH24:MI:SS'), 'TEST           ', 'DESC                     ', 'M', 'A', TO_TIMESTAMP('2018-12-18 05:13:59.173000', 'YYYY-MM-DD HH24:MI:SS.FF6'), 'sadc001             ', TO_TIMESTAMP('2018-12-18 05:13:59.173000', 'YYYY-MM-DD HH24:MI:SS.FF6'), 'sadc001             ');
INSERT INTO EMD.PD_UNIT_MEASURE (PD_LBL_UOM_CD, PD_UOM_MAINT_SW, PD_UOM_MAINT_DT, PD_UOM_DES, PD_UOM_EXT_DES, PD_UOM_TYP_SW, PD_UOM_FORM_SW, CRE8_TS, CRE8_UID, LST_UPDT_TS, LST_UPDT_UID) VALUES (66, 'C', TO_DATE('2018-12-18 00:00:00', 'YYYY-MM-DD HH24:MI:SS'), 'TEST           ', 'TESTING                  ', 'C', 'A', TO_TIMESTAMP('2018-12-13 04:47:48.061000', 'YYYY-MM-DD HH24:MI:SS.FF6'), 'sadc001             ', TO_TIMESTAMP('2018-12-18 05:15:39.887000', 'YYYY-MM-DD HH24:MI:SS.FF6'), 'sadc001             ');



INSERT INTO EMD.PD_NUTRIENT (PD_LBL_NTRNT_CD, PD_NTRNT_MAINT_SW, PD_LBL_MAINT_DT, PD_LBL_NTRNT_DES, PD_NTRNT_RDA_QTY, PD_LBL_FED_REQ_SW, PD_PDD_REQ_SW, PD_LBL_UOM_CD, PD_FED_REQ_SEQ_NO, PD_PDD_SEQ_NO, PD_NTRNT_PDV_SW, PD_FED_REQ_PDV_SW, CRE8_TS, CRE8_UID, LST_UPDT_TS, LST_UPDT_UID) VALUES (1, ' ', TO_DATE('2018-12-12 00:00:00', 'YYYY-MM-DD HH24:MI:SS'), 'VITAMIN A                       ', 5000.0, 'Y', 'Y', 3, 13.00, 13.00, 'Y', 'N', null, null, null, null);
INSERT INTO EMD.PD_NUTRIENT (PD_LBL_NTRNT_CD, PD_NTRNT_MAINT_SW, PD_LBL_MAINT_DT, PD_LBL_NTRNT_DES, PD_NTRNT_RDA_QTY, PD_LBL_FED_REQ_SW, PD_PDD_REQ_SW, PD_LBL_UOM_CD, PD_FED_REQ_SEQ_NO, PD_PDD_SEQ_NO, PD_NTRNT_PDV_SW, PD_FED_REQ_PDV_SW, CRE8_TS, CRE8_UID, LST_UPDT_TS, LST_UPDT_UID) VALUES (2, 'C', TO_DATE('2019-02-15 00:00:00', 'YYYY-MM-DD HH24:MI:SS'), 'VITAMIN C                       ', 61.0, 'Y', 'Y', 2, 14.00, 14.00, 'Y', 'N', null, null, null, null);
INSERT INTO EMD.PD_NUTRIENT (PD_LBL_NTRNT_CD, PD_NTRNT_MAINT_SW, PD_LBL_MAINT_DT, PD_LBL_NTRNT_DES, PD_NTRNT_RDA_QTY, PD_LBL_FED_REQ_SW, PD_PDD_REQ_SW, PD_LBL_UOM_CD, PD_FED_REQ_SEQ_NO, PD_PDD_SEQ_NO, PD_NTRNT_PDV_SW, PD_FED_REQ_PDV_SW, CRE8_TS, CRE8_UID, LST_UPDT_TS, LST_UPDT_UID) VALUES (3, ' ', TO_DATE('2008-12-17 00:00:00', 'YYYY-MM-DD HH24:MI:SS'), 'THIAMINE                        ', 1.5, ' ', 'Y', 2, 0.00, 17.00, ' ', ' ', null, null, null, null);
INSERT INTO EMD.PD_NUTRIENT (PD_LBL_NTRNT_CD, PD_NTRNT_MAINT_SW, PD_LBL_MAINT_DT, PD_LBL_NTRNT_DES, PD_NTRNT_RDA_QTY, PD_LBL_FED_REQ_SW, PD_PDD_REQ_SW, PD_LBL_UOM_CD, PD_FED_REQ_SEQ_NO, PD_PDD_SEQ_NO, PD_NTRNT_PDV_SW, PD_FED_REQ_PDV_SW, CRE8_TS, CRE8_UID, LST_UPDT_TS, LST_UPDT_UID) VALUES (4, ' ', TO_DATE('2008-12-17 00:00:00', 'YYYY-MM-DD HH24:MI:SS'), 'RIBOFLAVIN                      ', 1.7, ' ', 'Y', 2, 0.00, 18.00, ' ', ' ', null, null, null, null);
INSERT INTO EMD.PD_NUTRIENT (PD_LBL_NTRNT_CD, PD_NTRNT_MAINT_SW, PD_LBL_MAINT_DT, PD_LBL_NTRNT_DES, PD_NTRNT_RDA_QTY, PD_LBL_FED_REQ_SW, PD_PDD_REQ_SW, PD_LBL_UOM_CD, PD_FED_REQ_SEQ_NO, PD_PDD_SEQ_NO, PD_NTRNT_PDV_SW, PD_FED_REQ_PDV_SW, CRE8_TS, CRE8_UID, LST_UPDT_TS, LST_UPDT_UID) VALUES (5, ' ', TO_DATE('2005-10-10 00:00:00', 'YYYY-MM-DD HH24:MI:SS'), 'NIACIN                          ', 20.0, ' ', 'Y', 2, 0.00, 19.00, ' ', ' ', null, null, null, null);
INSERT INTO EMD.PD_NUTRIENT (PD_LBL_NTRNT_CD, PD_NTRNT_MAINT_SW, PD_LBL_MAINT_DT, PD_LBL_NTRNT_DES, PD_NTRNT_RDA_QTY, PD_LBL_FED_REQ_SW, PD_PDD_REQ_SW, PD_LBL_UOM_CD, PD_FED_REQ_SEQ_NO, PD_PDD_SEQ_NO, PD_NTRNT_PDV_SW, PD_FED_REQ_PDV_SW, CRE8_TS, CRE8_UID, LST_UPDT_TS, LST_UPDT_UID) VALUES (6, ' ', TO_DATE('2005-10-10 00:00:00', 'YYYY-MM-DD HH24:MI:SS'), 'CALCIUM                         ', 1.0, 'Y', 'Y', 4, 15.00, 15.00, 'Y', ' ', null, null, null, null);
INSERT INTO EMD.PD_NUTRIENT (PD_LBL_NTRNT_CD, PD_NTRNT_MAINT_SW, PD_LBL_MAINT_DT, PD_LBL_NTRNT_DES, PD_NTRNT_RDA_QTY, PD_LBL_FED_REQ_SW, PD_PDD_REQ_SW, PD_LBL_UOM_CD, PD_FED_REQ_SEQ_NO, PD_PDD_SEQ_NO, PD_NTRNT_PDV_SW, PD_FED_REQ_PDV_SW, CRE8_TS, CRE8_UID, LST_UPDT_TS, LST_UPDT_UID) VALUES (7, ' ', TO_DATE('2018-12-18 00:00:00', 'YYYY-MM-DD HH24:MI:SS'), 'IRON                            ', 17.0, 'Y', 'Y', 2, 16.00, 16.00, 'Y', 'N', null, null, null, null);
INSERT INTO EMD.PD_NUTRIENT (PD_LBL_NTRNT_CD, PD_NTRNT_MAINT_SW, PD_LBL_MAINT_DT, PD_LBL_NTRNT_DES, PD_NTRNT_RDA_QTY, PD_LBL_FED_REQ_SW, PD_PDD_REQ_SW, PD_LBL_UOM_CD, PD_FED_REQ_SEQ_NO, PD_PDD_SEQ_NO, PD_NTRNT_PDV_SW, PD_FED_REQ_PDV_SW, CRE8_TS, CRE8_UID, LST_UPDT_TS, LST_UPDT_UID) VALUES (8, ' ', TO_DATE('1995-09-12 00:00:00', 'YYYY-MM-DD HH24:MI:SS'), 'VITAMIN D                       ', 400.0, ' ', ' ', 3, 0.00, 0.00, ' ', ' ', null, null, null, null);
INSERT INTO EMD.PD_NUTRIENT (PD_LBL_NTRNT_CD, PD_NTRNT_MAINT_SW, PD_LBL_MAINT_DT, PD_LBL_NTRNT_DES, PD_NTRNT_RDA_QTY, PD_LBL_FED_REQ_SW, PD_PDD_REQ_SW, PD_LBL_UOM_CD, PD_FED_REQ_SEQ_NO, PD_PDD_SEQ_NO, PD_NTRNT_PDV_SW, PD_FED_REQ_PDV_SW, CRE8_TS, CRE8_UID, LST_UPDT_TS, LST_UPDT_UID) VALUES (9, ' ', TO_DATE('1995-09-12 00:00:00', 'YYYY-MM-DD HH24:MI:SS'), 'VITAMIN E                       ', 30.0, ' ', ' ', 3, 0.00, 0.00, ' ', ' ', null, null, null, null);
INSERT INTO EMD.PD_NUTRIENT (PD_LBL_NTRNT_CD, PD_NTRNT_MAINT_SW, PD_LBL_MAINT_DT, PD_LBL_NTRNT_DES, PD_NTRNT_RDA_QTY, PD_LBL_FED_REQ_SW, PD_PDD_REQ_SW, PD_LBL_UOM_CD, PD_FED_REQ_SEQ_NO, PD_PDD_SEQ_NO, PD_NTRNT_PDV_SW, PD_FED_REQ_PDV_SW, CRE8_TS, CRE8_UID, LST_UPDT_TS, LST_UPDT_UID) VALUES (10, ' ', TO_DATE('2005-10-10 00:00:00', 'YYYY-MM-DD HH24:MI:SS'), 'VITAMIN B6                      ', 2.0, ' ', 'Y', 2, 0.00, 20.00, ' ', ' ', null, null, null, null);
INSERT INTO EMD.PD_NUTRIENT (PD_LBL_NTRNT_CD, PD_NTRNT_MAINT_SW, PD_LBL_MAINT_DT, PD_LBL_NTRNT_DES, PD_NTRNT_RDA_QTY, PD_LBL_FED_REQ_SW, PD_PDD_REQ_SW, PD_LBL_UOM_CD, PD_FED_REQ_SEQ_NO, PD_PDD_SEQ_NO, PD_NTRNT_PDV_SW, PD_FED_REQ_PDV_SW, CRE8_TS, CRE8_UID, LST_UPDT_TS, LST_UPDT_UID) VALUES (11, ' ', TO_DATE('2008-06-18 00:00:00', 'YYYY-MM-DD HH24:MI:SS'), 'FOLIC ACID                      ', 0.4, ' ', 'Y', 2, 0.00, 22.00, ' ', ' ', null, null, null, null);
INSERT INTO EMD.PD_NUTRIENT (PD_LBL_NTRNT_CD, PD_NTRNT_MAINT_SW, PD_LBL_MAINT_DT, PD_LBL_NTRNT_DES, PD_NTRNT_RDA_QTY, PD_LBL_FED_REQ_SW, PD_PDD_REQ_SW, PD_LBL_UOM_CD, PD_FED_REQ_SEQ_NO, PD_PDD_SEQ_NO, PD_NTRNT_PDV_SW, PD_FED_REQ_PDV_SW, CRE8_TS, CRE8_UID, LST_UPDT_TS, LST_UPDT_UID) VALUES (12, ' ', TO_DATE('2005-10-10 00:00:00', 'YYYY-MM-DD HH24:MI:SS'), 'VITAMIN B12                     ', 6.0, ' ', 'Y', 6, 0.00, 21.00, ' ', ' ', null, null, null, null);
INSERT INTO EMD.PD_NUTRIENT (PD_LBL_NTRNT_CD, PD_NTRNT_MAINT_SW, PD_LBL_MAINT_DT, PD_LBL_NTRNT_DES, PD_NTRNT_RDA_QTY, PD_LBL_FED_REQ_SW, PD_PDD_REQ_SW, PD_LBL_UOM_CD, PD_FED_REQ_SEQ_NO, PD_PDD_SEQ_NO, PD_NTRNT_PDV_SW, PD_FED_REQ_PDV_SW, CRE8_TS, CRE8_UID, LST_UPDT_TS, LST_UPDT_UID) VALUES (13, ' ', TO_DATE('1995-09-12 00:00:00', 'YYYY-MM-DD HH24:MI:SS'), 'PHOSPHORUS                      ', 1.0, ' ', ' ', 4, 0.00, 0.00, ' ', ' ', null, null, null, null);
INSERT INTO EMD.PD_NUTRIENT (PD_LBL_NTRNT_CD, PD_NTRNT_MAINT_SW, PD_LBL_MAINT_DT, PD_LBL_NTRNT_DES, PD_NTRNT_RDA_QTY, PD_LBL_FED_REQ_SW, PD_PDD_REQ_SW, PD_LBL_UOM_CD, PD_FED_REQ_SEQ_NO, PD_PDD_SEQ_NO, PD_NTRNT_PDV_SW, PD_FED_REQ_PDV_SW, CRE8_TS, CRE8_UID, LST_UPDT_TS, LST_UPDT_UID) VALUES (14, ' ', TO_DATE('2005-10-10 00:00:00', 'YYYY-MM-DD HH24:MI:SS'), 'IODINE                          ', 150.0, ' ', 'Y', 6, 0.00, 23.00, ' ', ' ', null, null, null, null);
INSERT INTO EMD.PD_NUTRIENT (PD_LBL_NTRNT_CD, PD_NTRNT_MAINT_SW, PD_LBL_MAINT_DT, PD_LBL_NTRNT_DES, PD_NTRNT_RDA_QTY, PD_LBL_FED_REQ_SW, PD_PDD_REQ_SW, PD_LBL_UOM_CD, PD_FED_REQ_SEQ_NO, PD_PDD_SEQ_NO, PD_NTRNT_PDV_SW, PD_FED_REQ_PDV_SW, CRE8_TS, CRE8_UID, LST_UPDT_TS, LST_UPDT_UID) VALUES (15, ' ', TO_DATE('1995-09-12 00:00:00', 'YYYY-MM-DD HH24:MI:SS'), 'MAGNESIUM                       ', 400.0, ' ', ' ', 2, 0.00, 0.00, ' ', ' ', null, null, null, null);
INSERT INTO EMD.PD_NUTRIENT (PD_LBL_NTRNT_CD, PD_NTRNT_MAINT_SW, PD_LBL_MAINT_DT, PD_LBL_NTRNT_DES, PD_NTRNT_RDA_QTY, PD_LBL_FED_REQ_SW, PD_PDD_REQ_SW, PD_LBL_UOM_CD, PD_FED_REQ_SEQ_NO, PD_PDD_SEQ_NO, PD_NTRNT_PDV_SW, PD_FED_REQ_PDV_SW, CRE8_TS, CRE8_UID, LST_UPDT_TS, LST_UPDT_UID) VALUES (16, ' ', TO_DATE('1995-09-12 00:00:00', 'YYYY-MM-DD HH24:MI:SS'), 'ZINC                            ', 15.0, ' ', ' ', 2, 0.00, 0.00, ' ', ' ', null, null, null, null);
INSERT INTO EMD.PD_NUTRIENT (PD_LBL_NTRNT_CD, PD_NTRNT_MAINT_SW, PD_LBL_MAINT_DT, PD_LBL_NTRNT_DES, PD_NTRNT_RDA_QTY, PD_LBL_FED_REQ_SW, PD_PDD_REQ_SW, PD_LBL_UOM_CD, PD_FED_REQ_SEQ_NO, PD_PDD_SEQ_NO, PD_NTRNT_PDV_SW, PD_FED_REQ_PDV_SW, CRE8_TS, CRE8_UID, LST_UPDT_TS, LST_UPDT_UID) VALUES (17, 'D', TO_DATE('1995-09-12 00:00:00', 'YYYY-MM-DD HH24:MI:SS'), 'COPPER                          ', 2.0, 'N', 'N', 2, 0.00, 0.00, 'N', 'N', null, null, null, null);
INSERT INTO EMD.PD_NUTRIENT (PD_LBL_NTRNT_CD, PD_NTRNT_MAINT_SW, PD_LBL_MAINT_DT, PD_LBL_NTRNT_DES, PD_NTRNT_RDA_QTY, PD_LBL_FED_REQ_SW, PD_PDD_REQ_SW, PD_LBL_UOM_CD, PD_FED_REQ_SEQ_NO, PD_PDD_SEQ_NO, PD_NTRNT_PDV_SW, PD_FED_REQ_PDV_SW, CRE8_TS, CRE8_UID, LST_UPDT_TS, LST_UPDT_UID) VALUES (18, 'D', TO_DATE('1995-09-12 00:00:00', 'YYYY-MM-DD HH24:MI:SS'), 'BIOTIN                          ', 0, 'N', 'N', 6, 0.00, 0.00, 'N', 'N', null, null, null, null);
INSERT INTO EMD.PD_NUTRIENT (PD_LBL_NTRNT_CD, PD_NTRNT_MAINT_SW, PD_LBL_MAINT_DT, PD_LBL_NTRNT_DES, PD_NTRNT_RDA_QTY, PD_LBL_FED_REQ_SW, PD_PDD_REQ_SW, PD_LBL_UOM_CD, PD_FED_REQ_SEQ_NO, PD_PDD_SEQ_NO, PD_NTRNT_PDV_SW, PD_FED_REQ_PDV_SW, CRE8_TS, CRE8_UID, LST_UPDT_TS, LST_UPDT_UID) VALUES (19, 'D', TO_DATE('1995-09-12 00:00:00', 'YYYY-MM-DD HH24:MI:SS'), 'PANTOTHENIC ACID                ', 10.0, 'N', 'N', 2, 0.00, 0.00, 'N', 'N', null, null, null, null);
INSERT INTO EMD.PD_NUTRIENT (PD_LBL_NTRNT_CD, PD_NTRNT_MAINT_SW, PD_LBL_MAINT_DT, PD_LBL_NTRNT_DES, PD_NTRNT_RDA_QTY, PD_LBL_FED_REQ_SW, PD_PDD_REQ_SW, PD_LBL_UOM_CD, PD_FED_REQ_SEQ_NO, PD_PDD_SEQ_NO, PD_NTRNT_PDV_SW, PD_FED_REQ_PDV_SW, CRE8_TS, CRE8_UID, LST_UPDT_TS, LST_UPDT_UID) VALUES (20, ' ', TO_DATE('1995-09-12 00:00:00', 'YYYY-MM-DD HH24:MI:SS'), 'ASCORBIC ACID                   ', 60.0, ' ', ' ', 2, 0.00, 0.00, ' ', ' ', null, null, null, null);
INSERT INTO EMD.PD_NUTRIENT (PD_LBL_NTRNT_CD, PD_NTRNT_MAINT_SW, PD_LBL_MAINT_DT, PD_LBL_NTRNT_DES, PD_NTRNT_RDA_QTY, PD_LBL_FED_REQ_SW, PD_PDD_REQ_SW, PD_LBL_UOM_CD, PD_FED_REQ_SEQ_NO, PD_PDD_SEQ_NO, PD_NTRNT_PDV_SW, PD_FED_REQ_PDV_SW, CRE8_TS, CRE8_UID, LST_UPDT_TS, LST_UPDT_UID) VALUES (21, 'D', TO_DATE('1995-09-12 00:00:00', 'YYYY-MM-DD HH24:MI:SS'), 'FOLACIN                         ', 0.0, 'N', 'N', 2, 0.00, 0.00, 'N', 'N', null, null, null, null);
INSERT INTO EMD.PD_NUTRIENT (PD_LBL_NTRNT_CD, PD_NTRNT_MAINT_SW, PD_LBL_MAINT_DT, PD_LBL_NTRNT_DES, PD_NTRNT_RDA_QTY, PD_LBL_FED_REQ_SW, PD_PDD_REQ_SW, PD_LBL_UOM_CD, PD_FED_REQ_SEQ_NO, PD_PDD_SEQ_NO, PD_NTRNT_PDV_SW, PD_FED_REQ_PDV_SW, CRE8_TS, CRE8_UID, LST_UPDT_TS, LST_UPDT_UID) VALUES (22, 'D', TO_DATE('1995-09-12 00:00:00', 'YYYY-MM-DD HH24:MI:SS'), 'VITAMIN B2                      ', 1.0, 'N', 'N', 2, 0.00, 0.00, 'N', 'N', null, null, null, null);
INSERT INTO EMD.PD_NUTRIENT (PD_LBL_NTRNT_CD, PD_NTRNT_MAINT_SW, PD_LBL_MAINT_DT, PD_LBL_NTRNT_DES, PD_NTRNT_RDA_QTY, PD_LBL_FED_REQ_SW, PD_PDD_REQ_SW, PD_LBL_UOM_CD, PD_FED_REQ_SEQ_NO, PD_PDD_SEQ_NO, PD_NTRNT_PDV_SW, PD_FED_REQ_PDV_SW, CRE8_TS, CRE8_UID, LST_UPDT_TS, LST_UPDT_UID) VALUES (23, 'D', TO_DATE('1995-09-12 00:00:00', 'YYYY-MM-DD HH24:MI:SS'), 'VITAMIN B1                      ', 1.0, 'N', 'N', 2, 0.00, 0.00, 'N', 'N', null, null, null, null);
INSERT INTO EMD.PD_NUTRIENT (PD_LBL_NTRNT_CD, PD_NTRNT_MAINT_SW, PD_LBL_MAINT_DT, PD_LBL_NTRNT_DES, PD_NTRNT_RDA_QTY, PD_LBL_FED_REQ_SW, PD_PDD_REQ_SW, PD_LBL_UOM_CD, PD_FED_REQ_SEQ_NO, PD_PDD_SEQ_NO, PD_NTRNT_PDV_SW, PD_FED_REQ_PDV_SW, CRE8_TS, CRE8_UID, LST_UPDT_TS, LST_UPDT_UID) VALUES (100, 'C', TO_DATE('2019-06-05 00:00:00', 'YYYY-MM-DD HH24:MI:SS'), 'CALORIES                        ', 55.0, 'Y', 'Y', 1, 1.00, 1.00, 'N', 'N', null, null, null, null);
INSERT INTO EMD.PD_NUTRIENT (PD_LBL_NTRNT_CD, PD_NTRNT_MAINT_SW, PD_LBL_MAINT_DT, PD_LBL_NTRNT_DES, PD_NTRNT_RDA_QTY, PD_LBL_FED_REQ_SW, PD_PDD_REQ_SW, PD_LBL_UOM_CD, PD_FED_REQ_SEQ_NO, PD_PDD_SEQ_NO, PD_NTRNT_PDV_SW, PD_FED_REQ_PDV_SW, CRE8_TS, CRE8_UID, LST_UPDT_TS, LST_UPDT_UID) VALUES (101, ' ', TO_DATE('1995-09-12 00:00:00', 'YYYY-MM-DD HH24:MI:SS'), 'CALORIES FROM FAT               ', 0.0, 'Y', ' ', 1, 2.00, 0.00, ' ', ' ', null, null, null, null);
INSERT INTO EMD.PD_NUTRIENT (PD_LBL_NTRNT_CD, PD_NTRNT_MAINT_SW, PD_LBL_MAINT_DT, PD_LBL_NTRNT_DES, PD_NTRNT_RDA_QTY, PD_LBL_FED_REQ_SW, PD_PDD_REQ_SW, PD_LBL_UOM_CD, PD_FED_REQ_SEQ_NO, PD_PDD_SEQ_NO, PD_NTRNT_PDV_SW, PD_FED_REQ_PDV_SW, CRE8_TS, CRE8_UID, LST_UPDT_TS, LST_UPDT_UID) VALUES (102, 'C', TO_DATE('2019-06-05 00:00:00', 'YYYY-MM-DD HH24:MI:SS'), 'TOTAL FAT                       ', 65.0, 'Y', 'Y', 4, 3.00, 2.00, 'N', 'N', null, null, null, null);
INSERT INTO EMD.PD_NUTRIENT (PD_LBL_NTRNT_CD, PD_NTRNT_MAINT_SW, PD_LBL_MAINT_DT, PD_LBL_NTRNT_DES, PD_NTRNT_RDA_QTY, PD_LBL_FED_REQ_SW, PD_PDD_REQ_SW, PD_LBL_UOM_CD, PD_FED_REQ_SEQ_NO, PD_PDD_SEQ_NO, PD_NTRNT_PDV_SW, PD_FED_REQ_PDV_SW, CRE8_TS, CRE8_UID, LST_UPDT_TS, LST_UPDT_UID) VALUES (103, ' ', TO_DATE('1995-09-12 00:00:00', 'YYYY-MM-DD HH24:MI:SS'), 'SATURATED FAT                   ', 20.0, 'Y', 'Y', 4, 4.00, 3.00, ' ', ' ', null, null, null, null);
INSERT INTO EMD.PD_NUTRIENT (PD_LBL_NTRNT_CD, PD_NTRNT_MAINT_SW, PD_LBL_MAINT_DT, PD_LBL_NTRNT_DES, PD_NTRNT_RDA_QTY, PD_LBL_FED_REQ_SW, PD_PDD_REQ_SW, PD_LBL_UOM_CD, PD_FED_REQ_SEQ_NO, PD_PDD_SEQ_NO, PD_NTRNT_PDV_SW, PD_FED_REQ_PDV_SW, CRE8_TS, CRE8_UID, LST_UPDT_TS, LST_UPDT_UID) VALUES (104, ' ', TO_DATE('2005-10-10 00:00:00', 'YYYY-MM-DD HH24:MI:SS'), 'CHOLESTEROL                     ', 300.0, 'Y', 'Y', 2, 6.00, 5.00, ' ', ' ', null, null, null, null);
INSERT INTO EMD.PD_NUTRIENT (PD_LBL_NTRNT_CD, PD_NTRNT_MAINT_SW, PD_LBL_MAINT_DT, PD_LBL_NTRNT_DES, PD_NTRNT_RDA_QTY, PD_LBL_FED_REQ_SW, PD_PDD_REQ_SW, PD_LBL_UOM_CD, PD_FED_REQ_SEQ_NO, PD_PDD_SEQ_NO, PD_NTRNT_PDV_SW, PD_FED_REQ_PDV_SW, CRE8_TS, CRE8_UID, LST_UPDT_TS, LST_UPDT_UID) VALUES (105, ' ', TO_DATE('2005-10-10 00:00:00', 'YYYY-MM-DD HH24:MI:SS'), 'TOTAL CARBOHYDRATE              ', 300.0, 'Y', 'Y', 4, 8.00, 6.00, ' ', ' ', null, null, null, null);
INSERT INTO EMD.PD_NUTRIENT (PD_LBL_NTRNT_CD, PD_NTRNT_MAINT_SW, PD_LBL_MAINT_DT, PD_LBL_NTRNT_DES, PD_NTRNT_RDA_QTY, PD_LBL_FED_REQ_SW, PD_PDD_REQ_SW, PD_LBL_UOM_CD, PD_FED_REQ_SEQ_NO, PD_PDD_SEQ_NO, PD_NTRNT_PDV_SW, PD_FED_REQ_PDV_SW, CRE8_TS, CRE8_UID, LST_UPDT_TS, LST_UPDT_UID) VALUES (106, ' ', TO_DATE('2005-10-10 00:00:00', 'YYYY-MM-DD HH24:MI:SS'), 'DIETARY FIBER                   ', 25.0, 'Y', 'Y', 4, 9.00, 9.00, ' ', ' ', null, null, null, null);
INSERT INTO EMD.PD_NUTRIENT (PD_LBL_NTRNT_CD, PD_NTRNT_MAINT_SW, PD_LBL_MAINT_DT, PD_LBL_NTRNT_DES, PD_NTRNT_RDA_QTY, PD_LBL_FED_REQ_SW, PD_PDD_REQ_SW, PD_LBL_UOM_CD, PD_FED_REQ_SEQ_NO, PD_PDD_SEQ_NO, PD_NTRNT_PDV_SW, PD_FED_REQ_PDV_SW, CRE8_TS, CRE8_UID, LST_UPDT_TS, LST_UPDT_UID) VALUES (107, ' ', TO_DATE('2005-10-10 00:00:00', 'YYYY-MM-DD HH24:MI:SS'), 'SODIUM                          ', 2400.0, 'Y', 'Y', 2, 7.00, 11.00, ' ', ' ', null, null, null, null);
INSERT INTO EMD.PD_NUTRIENT (PD_LBL_NTRNT_CD, PD_NTRNT_MAINT_SW, PD_LBL_MAINT_DT, PD_LBL_NTRNT_DES, PD_NTRNT_RDA_QTY, PD_LBL_FED_REQ_SW, PD_PDD_REQ_SW, PD_LBL_UOM_CD, PD_FED_REQ_SEQ_NO, PD_PDD_SEQ_NO, PD_NTRNT_PDV_SW, PD_FED_REQ_PDV_SW, CRE8_TS, CRE8_UID, LST_UPDT_TS, LST_UPDT_UID) VALUES (108, ' ', TO_DATE('2005-10-10 00:00:00', 'YYYY-MM-DD HH24:MI:SS'), 'SUGARS                          ', 0, 'Y', 'Y', 4, 10.00, 7.00, ' ', ' ', null, null, null, null);
INSERT INTO EMD.PD_NUTRIENT (PD_LBL_NTRNT_CD, PD_NTRNT_MAINT_SW, PD_LBL_MAINT_DT, PD_LBL_NTRNT_DES, PD_NTRNT_RDA_QTY, PD_LBL_FED_REQ_SW, PD_PDD_REQ_SW, PD_LBL_UOM_CD, PD_FED_REQ_SEQ_NO, PD_PDD_SEQ_NO, PD_NTRNT_PDV_SW, PD_FED_REQ_PDV_SW, CRE8_TS, CRE8_UID, LST_UPDT_TS, LST_UPDT_UID) VALUES (109, ' ', TO_DATE('2010-06-10 00:00:00', 'YYYY-MM-DD HH24:MI:SS'), 'PROTEIN                         ', 0, 'Y', 'Y', 4, 12.00, 12.00, ' ', ' ', null, null, null, null);
INSERT INTO EMD.PD_NUTRIENT (PD_LBL_NTRNT_CD, PD_NTRNT_MAINT_SW, PD_LBL_MAINT_DT, PD_LBL_NTRNT_DES, PD_NTRNT_RDA_QTY, PD_LBL_FED_REQ_SW, PD_PDD_REQ_SW, PD_LBL_UOM_CD, PD_FED_REQ_SEQ_NO, PD_PDD_SEQ_NO, PD_NTRNT_PDV_SW, PD_FED_REQ_PDV_SW, CRE8_TS, CRE8_UID, LST_UPDT_TS, LST_UPDT_UID) VALUES (110, 'C', TO_DATE('2019-06-05 00:00:00', 'YYYY-MM-DD HH24:MI:SS'), 'POTASSIUM                       ', 213.0, 'Y', 'Y', 2, 17.00, 17.00, 'N', 'N', null, null, null, null);
INSERT INTO EMD.PD_NUTRIENT (PD_LBL_NTRNT_CD, PD_NTRNT_MAINT_SW, PD_LBL_MAINT_DT, PD_LBL_NTRNT_DES, PD_NTRNT_RDA_QTY, PD_LBL_FED_REQ_SW, PD_PDD_REQ_SW, PD_LBL_UOM_CD, PD_FED_REQ_SEQ_NO, PD_PDD_SEQ_NO, PD_NTRNT_PDV_SW, PD_FED_REQ_PDV_SW, CRE8_TS, CRE8_UID, LST_UPDT_TS, LST_UPDT_UID) VALUES (113, ' ', TO_DATE('2005-10-10 00:00:00', 'YYYY-MM-DD HH24:MI:SS'), 'TRANS FAT                       ', 0.0, 'Y', 'Y', 4, 5.00, 4.00, ' ', ' ', null, null, null, null);
INSERT INTO EMD.PD_NUTRIENT (PD_LBL_NTRNT_CD, PD_NTRNT_MAINT_SW, PD_LBL_MAINT_DT, PD_LBL_NTRNT_DES, PD_NTRNT_RDA_QTY, PD_LBL_FED_REQ_SW, PD_PDD_REQ_SW, PD_LBL_UOM_CD, PD_FED_REQ_SEQ_NO, PD_PDD_SEQ_NO, PD_NTRNT_PDV_SW, PD_FED_REQ_PDV_SW, CRE8_TS, CRE8_UID, LST_UPDT_TS, LST_UPDT_UID) VALUES (120, ' ', TO_DATE('2005-10-10 00:00:00', 'YYYY-MM-DD HH24:MI:SS'), 'SUGAR ALCOHOL                   ', 0.0, 'Y', 'Y', 4, 11.00, 8.00, ' ', ' ', null, null, null, null);
INSERT INTO EMD.PD_NUTRIENT (PD_LBL_NTRNT_CD, PD_NTRNT_MAINT_SW, PD_LBL_MAINT_DT, PD_LBL_NTRNT_DES, PD_NTRNT_RDA_QTY, PD_LBL_FED_REQ_SW, PD_PDD_REQ_SW, PD_LBL_UOM_CD, PD_FED_REQ_SEQ_NO, PD_PDD_SEQ_NO, PD_NTRNT_PDV_SW, PD_FED_REQ_PDV_SW, CRE8_TS, CRE8_UID, LST_UPDT_TS, LST_UPDT_UID) VALUES (258, ' ', TO_DATE('2018-12-12 00:00:00', 'YYYY-MM-DD HH24:MI:SS'), 'TEST                            ', 5000.0, 'Y', 'Y', 1, 58.00, 0.00, 'Y', 'N', null, null, null, null);
INSERT INTO EMD.PD_NUTRIENT (PD_LBL_NTRNT_CD, PD_NTRNT_MAINT_SW, PD_LBL_MAINT_DT, PD_LBL_NTRNT_DES, PD_NTRNT_RDA_QTY, PD_LBL_FED_REQ_SW, PD_PDD_REQ_SW, PD_LBL_UOM_CD, PD_FED_REQ_SEQ_NO, PD_PDD_SEQ_NO, PD_NTRNT_PDV_SW, PD_FED_REQ_PDV_SW, CRE8_TS, CRE8_UID, LST_UPDT_TS, LST_UPDT_UID) VALUES (50, ' ', TO_DATE('2018-12-18 00:00:00', 'YYYY-MM-DD HH24:MI:SS'), 'TESTING PURPOSE                 ', 89.0, 'Y', 'Y', 2, 45.00, 0.00, 'Y', 'N', null, null, null, null);
INSERT INTO EMD.PD_NUTRIENT (PD_LBL_NTRNT_CD, PD_NTRNT_MAINT_SW, PD_LBL_MAINT_DT, PD_LBL_NTRNT_DES, PD_NTRNT_RDA_QTY, PD_LBL_FED_REQ_SW, PD_PDD_REQ_SW, PD_LBL_UOM_CD, PD_FED_REQ_SEQ_NO, PD_PDD_SEQ_NO, PD_NTRNT_PDV_SW, PD_FED_REQ_PDV_SW, CRE8_TS, CRE8_UID, LST_UPDT_TS, LST_UPDT_UID) VALUES (550, 'A', TO_DATE('2019-01-03 00:00:00', 'YYYY-MM-DD HH24:MI:SS'), 'NUTRIENT                        ', 1.0, 'Y', 'Y', 2, 22.00, 0.00, 'Y', 'N', null, null, null, null);


-----------------------------------------
-- Scale Items
-----------------------------------------
INSERT INTO EMD.PRODUCT_MASTER (PROD_ID, PROD_ENG_DES, PROD_SPNSH_DES, PROD_TYP_CD, PD_OMI_COM_CLS_CD, PD_OMI_COM_CD, PD_OMI_SUB_COM_CD, IMS_COM_CD, IMS_SUB_COM_CD, GRMGN_PCT, SALS_RSTR_CD, BDM_CD, LBL_LANG_TXT, RETL_GRP_NBR, STR_DEPT_NBR, STR_SUB_DEPT_ID, RETL_LINK_CD, PSS_DEPT_1, OB_SUB_BRND_ID, PROD_BRND_ID, FRST_SCN_DT, LST_SCN_DT, GBB_SW, KVIL_SW, NBB_SW, OPP_SW, LEB_SW, SENS_SW, MGN_SW, TAG_ITM_ID, TAG_ITM_KEY_TYP_CD, PROD_SZ_TXT, RC_IM_QTY_REQ_FLAG, RC_IM_PRC_REQ_FLAG, PROD_PRIM_SCN_ID, CRE8_TS, CRE8_UID, LST_UPDT_TS, LST_UPDT_UID, LST_SYS_UPDT_ID, MKT_CD, LST_PUB_TS, LST_PUB_UID, SUBSCR_PROD_SW, PROD_TEMP_CNTL_CD, GIFT_MSG_REQ_SW, SUBSCR_STRT_DT, SUBSCR_END_DT, TAX_QUAL_CD, SHOW_CLRS_SW) VALUES (1437123, 'ALL BERRIES BOWL              ', 'ALL BERRIES BOWL              ', 'GOODS', 42, 7360, 8607, 53, 'A', 0.0000, 'N    ', '92   ', '          ', 1, '09   ', 'A    ', 5036231, 20, 0, 2885, TO_DATE('1600-01-01 00:00:00', 'YYYY-MM-DD HH24:MI:SS'), TO_DATE('1600-01-01 00:00:00', 'YYYY-MM-DD HH24:MI:SS'), 'N', 'N', 'N', 'N', 'N', 'N', 'N', 3024, 'DSD  ', 'LB          ', 'Y', 'N', 3024, TO_TIMESTAMP('0001-01-01 00:00:00.000000', 'YYYY-MM-DD HH24:MI:SS.FF6'), '        ', TO_TIMESTAMP('2017-01-17 13:09:19.206563', 'YYYY-MM-DD HH24:MI:SS.FF6'), 'PGDV    ', 4, '     ', null, null, 'N', null, 'N', TO_DATE('1600-01-01 00:00:00', 'YYYY-MM-DD HH24:MI:SS'), TO_DATE('1600-01-01 00:00:00', 'YYYY-MM-DD HH24:MI:SS'), null, 'Y');
INSERT INTO EMD.PRODUCT_MASTER (PROD_ID, PROD_ENG_DES, PROD_SPNSH_DES, PROD_TYP_CD, PD_OMI_COM_CLS_CD, PD_OMI_COM_CD, PD_OMI_SUB_COM_CD, IMS_COM_CD, IMS_SUB_COM_CD, GRMGN_PCT, SALS_RSTR_CD, BDM_CD, LBL_LANG_TXT, RETL_GRP_NBR, STR_DEPT_NBR, STR_SUB_DEPT_ID, RETL_LINK_CD, PSS_DEPT_1, OB_SUB_BRND_ID, PROD_BRND_ID, FRST_SCN_DT, LST_SCN_DT, GBB_SW, KVIL_SW, NBB_SW, OPP_SW, LEB_SW, SENS_SW, MGN_SW, TAG_ITM_ID, TAG_ITM_KEY_TYP_CD, PROD_SZ_TXT, RC_IM_QTY_REQ_FLAG, RC_IM_PRC_REQ_FLAG, PROD_PRIM_SCN_ID, CRE8_TS, CRE8_UID, LST_UPDT_TS, LST_UPDT_UID, LST_SYS_UPDT_ID, MKT_CD, LST_PUB_TS, LST_PUB_UID, SUBSCR_PROD_SW, PROD_TEMP_CNTL_CD, GIFT_MSG_REQ_SW, SUBSCR_STRT_DT, SUBSCR_END_DT, TAX_QUAL_CD, SHOW_CLRS_SW) VALUES (1437149, 'BERRY & KIWI BLEND            ', 'BERRY & KIWI BLEND            ', 'GOODS', 42, 7362, 8624, 57, 'A', 0.0000, 'N    ', '92   ', '          ', 1, '09   ', 'A    ', 5036235, 20, 0, 10090, TO_DATE('1600-01-01 00:00:00', 'YYYY-MM-DD HH24:MI:SS'), TO_DATE('1600-01-01 00:00:00', 'YYYY-MM-DD HH24:MI:SS'), 'N', 'N', 'N', 'N', 'N', 'N', 'N', 20302300000, 'DSD  ', 'LB          ', 'Y', 'N', 20302300000, TO_TIMESTAMP('0001-01-01 00:00:00.000000', 'YYYY-MM-DD HH24:MI:SS.FF6'), '        ', TO_TIMESTAMP('2017-01-17 13:09:19.206563', 'YYYY-MM-DD HH24:MI:SS.FF6'), 'PGDV    ', 4, '     ', null, null, 'N', null, 'N', TO_DATE('1600-01-01 00:00:00', 'YYYY-MM-DD HH24:MI:SS'), TO_DATE('1600-01-01 00:00:00', 'YYYY-MM-DD HH24:MI:SS'), null, 'Y');
INSERT INTO EMD.PRODUCT_MASTER (PROD_ID, PROD_ENG_DES, PROD_SPNSH_DES, PROD_TYP_CD, PD_OMI_COM_CLS_CD, PD_OMI_COM_CD, PD_OMI_SUB_COM_CD, IMS_COM_CD, IMS_SUB_COM_CD, GRMGN_PCT, SALS_RSTR_CD, BDM_CD, LBL_LANG_TXT, RETL_GRP_NBR, STR_DEPT_NBR, STR_SUB_DEPT_ID, RETL_LINK_CD, PSS_DEPT_1, OB_SUB_BRND_ID, PROD_BRND_ID, FRST_SCN_DT, LST_SCN_DT, GBB_SW, KVIL_SW, NBB_SW, OPP_SW, LEB_SW, SENS_SW, MGN_SW, TAG_ITM_ID, TAG_ITM_KEY_TYP_CD, PROD_SZ_TXT, RC_IM_QTY_REQ_FLAG, RC_IM_PRC_REQ_FLAG, PROD_PRIM_SCN_ID, CRE8_TS, CRE8_UID, LST_UPDT_TS, LST_UPDT_UID, LST_SYS_UPDT_ID, MKT_CD, LST_PUB_TS, LST_PUB_UID, SUBSCR_PROD_SW, PROD_TEMP_CNTL_CD, GIFT_MSG_REQ_SW, SUBSCR_STRT_DT, SUBSCR_END_DT, TAX_QUAL_CD, SHOW_CLRS_SW) VALUES (1819862, 'CAMPECHANA                    ', 'CAMPECHANA                    ', 'GOODS', 25, 7429, 9567, 200, 'A', 0.0000, 'N    ', '36   ', '          ', 1, '03   ', 'A    ', 5616753, 40, 0, 2885, TO_DATE('1600-01-01 00:00:00', 'YYYY-MM-DD HH24:MI:SS'), TO_DATE('1600-01-01 00:00:00', 'YYYY-MM-DD HH24:MI:SS'), 'N', 'N', 'N', 'N', 'N', 'N', 'N', 22864400000, 'DSD  ', 'EACH        ', 'N', 'N', 22864400000, TO_TIMESTAMP('2014-07-29 18:02:54.429761', 'YYYY-MM-DD HH24:MI:SS.FF6'), 'a143421 ', TO_TIMESTAMP('2018-11-05 12:52:53.805333', 'YYYY-MM-DD HH24:MI:SS.FF6'), 'BATCH   ', 4, '     ', null, null, 'N', null, 'N', TO_DATE('1600-01-01 00:00:00', 'YYYY-MM-DD HH24:MI:SS'), TO_DATE('1600-01-01 00:00:00', 'YYYY-MM-DD HH24:MI:SS'), null, 'Y');
INSERT INTO EMD.PROD_SCN_CODES (SCN_CD_ID, PROD_ID, SCN_TYP_CD, PRIM_SCN_CD_SW, BNS_SCN_CD_SW, SCN_CD_CMT, RETL_UNT_LN, RETL_UNT_WD, RETL_UNT_HT, RETL_UNT_WT, RETL_SELL_SZ_CD_1, RETL_UNT_SELL_SZ_1, RETL_SELL_SZ_CD_2, RETL_UNT_SELL_SZ_2, SAMP_PROVD_SW, PRPRC_OFF_PCT, PROD_SUB_BRND_ID, FRST_SCN_DT, LST_SCN_DT, CONSM_UNT_ID, TAG_ITM_ID, TAG_ITM_KEY_TYP_CD, TAG_SZ_DES, WIC_SW, LEB_SW, WIC_APL_ID, FAM_3_CD, FAM_4_CD, DSD_DELD_SW, DSD_DEPT_OVRD_SW, UPC_ACTV_SW, SCALE_SW, WIC_UPDT_USR_ID, WIC_LST_UPDT_TS, LEB_UPDT_USR_ID, LEB_LST_UPDT_TS, CRE8_TS, CRE8_UID, LST_UPDT_TS, LST_UPDT_UID, LST_SYS_UPDT_ID, PSE_GRAMS_WT, TST_SCN_PRFMD_SW, DSCON_DT, PROC_SCN_MAINT_SW) VALUES (3024, 1437123, 'PLU  ', 'Y', 'N', '                              ', 0.00, 0.00, 0.00, 0.0000, '1 ', 1.00, '1 ', 1.00, 'Y', 0.0000, 0, TO_DATE('2010-09-17 00:00:00', 'YYYY-MM-DD HH24:MI:SS'), TO_DATE('2018-11-18 00:00:00', 'YYYY-MM-DD HH24:MI:SS'), 2, 0, '     ', 'LB    ', 'N', 'N', 0, 0, 0, 'N', 'N', 'A', 'Y', 'J50X100D', TO_TIMESTAMP('2019-07-30 03:30:34.114344', 'YYYY-MM-DD HH24:MI:SS.FF6'), 'Z28S0574', TO_TIMESTAMP('2019-07-30 03:30:34.116977', 'YYYY-MM-DD HH24:MI:SS.FF6'), TO_TIMESTAMP('0001-01-01 00:00:00.000000', 'YYYY-MM-DD HH24:MI:SS.FF6'), '        ', TO_TIMESTAMP('2019-07-30 03:30:34.114344', 'YYYY-MM-DD HH24:MI:SS.FF6'), 'J50X100D', 4, 0.0000, 'N', TO_DATE('1600-01-01 00:00:00', 'YYYY-MM-DD HH24:MI:SS'), 'Y');
INSERT INTO EMD.PROD_SCN_CODES (SCN_CD_ID, PROD_ID, SCN_TYP_CD, PRIM_SCN_CD_SW, BNS_SCN_CD_SW, SCN_CD_CMT, RETL_UNT_LN, RETL_UNT_WD, RETL_UNT_HT, RETL_UNT_WT, RETL_SELL_SZ_CD_1, RETL_UNT_SELL_SZ_1, RETL_SELL_SZ_CD_2, RETL_UNT_SELL_SZ_2, SAMP_PROVD_SW, PRPRC_OFF_PCT, PROD_SUB_BRND_ID, FRST_SCN_DT, LST_SCN_DT, CONSM_UNT_ID, TAG_ITM_ID, TAG_ITM_KEY_TYP_CD, TAG_SZ_DES, WIC_SW, LEB_SW, WIC_APL_ID, FAM_3_CD, FAM_4_CD, DSD_DELD_SW, DSD_DEPT_OVRD_SW, UPC_ACTV_SW, SCALE_SW, WIC_UPDT_USR_ID, WIC_LST_UPDT_TS, LEB_UPDT_USR_ID, LEB_LST_UPDT_TS, CRE8_TS, CRE8_UID, LST_UPDT_TS, LST_UPDT_UID, LST_SYS_UPDT_ID, PSE_GRAMS_WT, TST_SCN_PRFMD_SW, DSCON_DT, PROC_SCN_MAINT_SW) VALUES (20302400000, 1437123, 'UPC  ', 'Y', 'N', '                              ', 0.00, 0.00, 0.00, 0.0000, '1 ', 1.00, '1 ', 1.00, 'Y', 0.0000, 0, TO_DATE('2010-09-17 00:00:00', 'YYYY-MM-DD HH24:MI:SS'), TO_DATE('2018-11-21 00:00:00', 'YYYY-MM-DD HH24:MI:SS'), 1, 0, '     ', 'LB    ', 'N', 'N', 0, 0, 0, 'N', 'N', 'A', 'Y', 'Z28S0574', TO_TIMESTAMP('1600-01-01 12:00:00.000000', 'YYYY-MM-DD HH24:MI:SS.FF6'), 'Z28S0574', TO_TIMESTAMP('1600-01-01 12:00:00.000000', 'YYYY-MM-DD HH24:MI:SS.FF6'), TO_TIMESTAMP('0001-01-01 00:00:00.000000', 'YYYY-MM-DD HH24:MI:SS.FF6'), '        ', TO_TIMESTAMP('2018-11-24 10:02:48.407153', 'YYYY-MM-DD HH24:MI:SS.FF6'), 'Z28S0574', 4, 0.0000, 'N', TO_DATE('1600-01-01 00:00:00', 'YYYY-MM-DD HH24:MI:SS'), 'Y');
INSERT INTO EMD.PROD_SCN_CODES (SCN_CD_ID, PROD_ID, SCN_TYP_CD, PRIM_SCN_CD_SW, BNS_SCN_CD_SW, SCN_CD_CMT, RETL_UNT_LN, RETL_UNT_WD, RETL_UNT_HT, RETL_UNT_WT, RETL_SELL_SZ_CD_1, RETL_UNT_SELL_SZ_1, RETL_SELL_SZ_CD_2, RETL_UNT_SELL_SZ_2, SAMP_PROVD_SW, PRPRC_OFF_PCT, PROD_SUB_BRND_ID, FRST_SCN_DT, LST_SCN_DT, CONSM_UNT_ID, TAG_ITM_ID, TAG_ITM_KEY_TYP_CD, TAG_SZ_DES, WIC_SW, LEB_SW, WIC_APL_ID, FAM_3_CD, FAM_4_CD, DSD_DELD_SW, DSD_DEPT_OVRD_SW, UPC_ACTV_SW, SCALE_SW, WIC_UPDT_USR_ID, WIC_LST_UPDT_TS, LEB_UPDT_USR_ID, LEB_LST_UPDT_TS, CRE8_TS, CRE8_UID, LST_UPDT_TS, LST_UPDT_UID, LST_SYS_UPDT_ID, PSE_GRAMS_WT, TST_SCN_PRFMD_SW, DSCON_DT, PROC_SCN_MAINT_SW) VALUES (3023, 1437149, 'PLU  ', 'Y', 'N', '                              ', 0.00, 0.00, 0.00, 0.0000, '1 ', 1.00, '1 ', 1.00, 'Y', 0.0000, 0, TO_DATE('2010-11-02 00:00:00', 'YYYY-MM-DD HH24:MI:SS'), TO_DATE('2019-02-23 00:00:00', 'YYYY-MM-DD HH24:MI:SS'), 2, 0, '     ', 'LB    ', 'N', 'N', 0, 0, 0, 'N', 'N', 'A', 'Y', 'J50X100D', TO_TIMESTAMP('2019-07-30 03:30:33.806254', 'YYYY-MM-DD HH24:MI:SS.FF6'), 'Z28S0574', TO_TIMESTAMP('2019-07-30 03:30:33.808544', 'YYYY-MM-DD HH24:MI:SS.FF6'), TO_TIMESTAMP('2001-01-03 00:00:00.000000', 'YYYY-MM-DD HH24:MI:SS.FF6'), '        ', TO_TIMESTAMP('2019-07-30 03:30:33.806253', 'YYYY-MM-DD HH24:MI:SS.FF6'), 'J50X100D', 4, 0.0000, 'N', TO_DATE('2000-01-01 00:00:00', 'YYYY-MM-DD HH24:MI:SS'), 'Y');
INSERT INTO EMD.PROD_SCN_CODES (SCN_CD_ID, PROD_ID, SCN_TYP_CD, PRIM_SCN_CD_SW, BNS_SCN_CD_SW, SCN_CD_CMT, RETL_UNT_LN, RETL_UNT_WD, RETL_UNT_HT, RETL_UNT_WT, RETL_SELL_SZ_CD_1, RETL_UNT_SELL_SZ_1, RETL_SELL_SZ_CD_2, RETL_UNT_SELL_SZ_2, SAMP_PROVD_SW, PRPRC_OFF_PCT, PROD_SUB_BRND_ID, FRST_SCN_DT, LST_SCN_DT, CONSM_UNT_ID, TAG_ITM_ID, TAG_ITM_KEY_TYP_CD, TAG_SZ_DES, WIC_SW, LEB_SW, WIC_APL_ID, FAM_3_CD, FAM_4_CD, DSD_DELD_SW, DSD_DEPT_OVRD_SW, UPC_ACTV_SW, SCALE_SW, WIC_UPDT_USR_ID, WIC_LST_UPDT_TS, LEB_UPDT_USR_ID, LEB_LST_UPDT_TS, CRE8_TS, CRE8_UID, LST_UPDT_TS, LST_UPDT_UID, LST_SYS_UPDT_ID, PSE_GRAMS_WT, TST_SCN_PRFMD_SW, DSCON_DT, PROC_SCN_MAINT_SW) VALUES (20302300000, 1437149, 'UPC  ', 'Y', 'N', '                              ', 0.00, 0.00, 0.00, 0.0000, '1 ', 1.00, '1 ', 1.00, 'Y', 0.0000, 0, TO_DATE('2010-09-17 00:00:00', 'YYYY-MM-DD HH24:MI:SS'), TO_DATE('2018-11-11 00:00:00', 'YYYY-MM-DD HH24:MI:SS'), 1, 0, '     ', 'LB    ', 'N', 'N', 0, 0, 0, 'N', 'N', 'A', 'Y', 'Z28S0574', TO_TIMESTAMP('1600-01-01 12:00:00.000000', 'YYYY-MM-DD HH24:MI:SS.FF6'), 'Z28S0574', TO_TIMESTAMP('1600-01-01 12:00:00.000000', 'YYYY-MM-DD HH24:MI:SS.FF6'), TO_TIMESTAMP('0001-01-01 00:00:00.000000', 'YYYY-MM-DD HH24:MI:SS.FF6'), '        ', TO_TIMESTAMP('2018-11-17 10:03:02.648612', 'YYYY-MM-DD HH24:MI:SS.FF6'), 'Z28S0574', 4, 0.0000, 'N', TO_DATE('1600-01-01 00:00:00', 'YYYY-MM-DD HH24:MI:SS'), 'Y');
INSERT INTO EMD.PROD_SCN_CODES (SCN_CD_ID, PROD_ID, SCN_TYP_CD, PRIM_SCN_CD_SW, BNS_SCN_CD_SW, SCN_CD_CMT, RETL_UNT_LN, RETL_UNT_WD, RETL_UNT_HT, RETL_UNT_WT, RETL_SELL_SZ_CD_1, RETL_UNT_SELL_SZ_1, RETL_SELL_SZ_CD_2, RETL_UNT_SELL_SZ_2, SAMP_PROVD_SW, PRPRC_OFF_PCT, PROD_SUB_BRND_ID, FRST_SCN_DT, LST_SCN_DT, CONSM_UNT_ID, TAG_ITM_ID, TAG_ITM_KEY_TYP_CD, TAG_SZ_DES, WIC_SW, LEB_SW, WIC_APL_ID, FAM_3_CD, FAM_4_CD, DSD_DELD_SW, DSD_DEPT_OVRD_SW, UPC_ACTV_SW, SCALE_SW, WIC_UPDT_USR_ID, WIC_LST_UPDT_TS, LEB_UPDT_USR_ID, LEB_LST_UPDT_TS, CRE8_TS, CRE8_UID, LST_UPDT_TS, LST_UPDT_UID, LST_SYS_UPDT_ID, PSE_GRAMS_WT, TST_SCN_PRFMD_SW, DSCON_DT, PROC_SCN_MAINT_SW) VALUES (22864400000, 1819862, 'UPC  ', 'Y', 'N', '                              ', 0.00, 0.00, 0.00, 0.0000, 'D ', 1.00, 'D ', 1.00, 'Y', 0.0000, 0, TO_DATE('2014-08-16 00:00:00', 'YYYY-MM-DD HH24:MI:SS'), TO_DATE('2019-09-01 00:00:00', 'YYYY-MM-DD HH24:MI:SS'), 1, 0, '     ', 'EACH  ', 'N', 'N', 0, 0, 0, 'N', 'N', 'A', 'Y', 'Z28S0574', TO_TIMESTAMP('1600-01-01 12:00:00.000000', 'YYYY-MM-DD HH24:MI:SS.FF6'), 'Z28S0574', TO_TIMESTAMP('1600-01-01 12:00:00.000000', 'YYYY-MM-DD HH24:MI:SS.FF6'), TO_TIMESTAMP('2014-07-29 18:02:54.528291', 'YYYY-MM-DD HH24:MI:SS.FF6'), 'a143421 ', TO_TIMESTAMP('2019-09-07 10:01:56.600326', 'YYYY-MM-DD HH24:MI:SS.FF6'), 'Z28S0574', 1, 0.0000, 'N', TO_DATE('1600-01-01 00:00:00', 'YYYY-MM-DD HH24:MI:SS'), 'Y');
INSERT INTO EMD.SL_SCALESCAN (UPC_KEY, MAINT_FUNCTION, EFFECTIVE_DATE, STRIP_FLAG, TARE_SERV_COUNTER, TARE_PREPACK, SHELF_LIFE, EAT_BY_DAYS, FREEZE_BY_DAYS, INGR_STATEMENT_NUM, PD_NTRNT_STMT_NO, PD_HILITE_PRNT_CD, PD_SAFE_HAND_CD, PRODUCT_DESC_LINE1, PRODUCT_DESC_LINE2, SPANISH_DESC_LINE1, SPANISH_DESC_LINE2, SL_LBL_FRMAT_2_CD, SL_LBL_FRMAT_1_CD, FRC_TARE_SW, GRADE_NBR, NET_WT, PRC_OVRD_SW, PRODUCT_DESC_LINE3, PRODUCT_DESC_LINE4, SPANISH_DESC_LINE3, SPANISH_DESC_LINE4, CRE8_TS, CRE8_UID, LST_UPDT_TS, LST_UPDT_UID) VALUES (20302300000, 'C', TO_DATE('2019-06-17 00:00:00', 'YYYY-MM-DD HH24:MI:SS'), 'Y', 0.000, 0.130, 1, 0, 0, 614, 3023, 0, 0, 'BERRY & KIWI', 'BLEND', ' ', ' ', 0, 5, 'N', 0, 0.0000, 'N', '                                                  ', '                                                  ', '                                                  ', '                                                  ', null, null, null, null);
INSERT INTO EMD.SL_SCALESCAN (UPC_KEY, MAINT_FUNCTION, EFFECTIVE_DATE, STRIP_FLAG, TARE_SERV_COUNTER, TARE_PREPACK, SHELF_LIFE, EAT_BY_DAYS, FREEZE_BY_DAYS, INGR_STATEMENT_NUM, PD_NTRNT_STMT_NO, PD_HILITE_PRNT_CD, PD_SAFE_HAND_CD, PRODUCT_DESC_LINE1, PRODUCT_DESC_LINE2, SPANISH_DESC_LINE1, SPANISH_DESC_LINE2, SL_LBL_FRMAT_2_CD, SL_LBL_FRMAT_1_CD, FRC_TARE_SW, GRADE_NBR, NET_WT, PRC_OVRD_SW, PRODUCT_DESC_LINE3, PRODUCT_DESC_LINE4, SPANISH_DESC_LINE3, SPANISH_DESC_LINE4, CRE8_TS, CRE8_UID, LST_UPDT_TS, LST_UPDT_UID) VALUES (20302400000, ' ', TO_DATE('2015-11-23 00:00:00', 'YYYY-MM-DD HH24:MI:SS'), ' ', 0.000, 0.070, 1, 0, 0, 627, 3024, 0, 0, 'MIXED BERRIES', 'CUP', ' ', ' ', 0, 0, 'N', 0, 0.0000, ' ', '                                                  ', '                                                  ', '                                                  ', '                                                  ', null, null, null, null);
INSERT INTO EMD.SL_SCALESCAN (UPC_KEY, MAINT_FUNCTION, EFFECTIVE_DATE, STRIP_FLAG, TARE_SERV_COUNTER, TARE_PREPACK, SHELF_LIFE, EAT_BY_DAYS, FREEZE_BY_DAYS, INGR_STATEMENT_NUM, PD_NTRNT_STMT_NO, PD_HILITE_PRNT_CD, PD_SAFE_HAND_CD, PRODUCT_DESC_LINE1, PRODUCT_DESC_LINE2, SPANISH_DESC_LINE1, SPANISH_DESC_LINE2, SL_LBL_FRMAT_2_CD, SL_LBL_FRMAT_1_CD, FRC_TARE_SW, GRADE_NBR, NET_WT, PRC_OVRD_SW, PRODUCT_DESC_LINE3, PRODUCT_DESC_LINE4, SPANISH_DESC_LINE3, SPANISH_DESC_LINE4, CRE8_TS, CRE8_UID, LST_UPDT_TS, LST_UPDT_UID) VALUES (22864400000, ' ', TO_DATE('2018-08-24 00:00:00', 'YYYY-MM-DD HH24:MI:SS'), ' ', 0.000, 0.020, 1, 0, 0, 70525, 28644, 0, 0, 'CAMPECHANA', 'BAKERY', ' ', ' ', 0, 0, 'N', 0, 0.0000, 'N', '                                                  ', '                                                  ', '                                                  ', '                                                  ', null, null, null, null);
INSERT INTO EMD.PD_UPC (PD_UPC_NO, PD_ITEM_NO, PD_RETAIL_GROUP_NO, LST_UPDT_UID) VALUES (3023, 0, 1, '                    ');
INSERT INTO EMD.PD_UPC (PD_UPC_NO, PD_ITEM_NO, PD_RETAIL_GROUP_NO, LST_UPDT_UID) VALUES (3024, 0, 1, '                    ');
INSERT INTO EMD.PD_UPC (PD_UPC_NO, PD_ITEM_NO, PD_RETAIL_GROUP_NO, LST_UPDT_UID) VALUES (20302300000, 0, 1, '                    ');
INSERT INTO EMD.PD_UPC (PD_UPC_NO, PD_ITEM_NO, PD_RETAIL_GROUP_NO, LST_UPDT_UID) VALUES (20302400000, 0, 1, '                    ');
INSERT INTO EMD.PD_UPC (PD_UPC_NO, PD_ITEM_NO, PD_RETAIL_GROUP_NO, LST_UPDT_UID) VALUES (22864400000, 0, 1, '                    ');
INSERT INTO EMD.PD_ASSOCIATED_UPC (PD_ASSOC_UPC_NO, PD_UPC_NO, LST_UPDT_UID) VALUES (3023, 3023, '                    ');
INSERT INTO EMD.PD_ASSOCIATED_UPC (PD_ASSOC_UPC_NO, PD_UPC_NO, LST_UPDT_UID) VALUES (3024, 3024, '                    ');
INSERT INTO EMD.PD_ASSOCIATED_UPC (PD_ASSOC_UPC_NO, PD_UPC_NO, LST_UPDT_UID) VALUES (20302300000, 20302300000, '                    ');
INSERT INTO EMD.PD_ASSOCIATED_UPC (PD_ASSOC_UPC_NO, PD_UPC_NO, LST_UPDT_UID) VALUES (20302400000, 20302400000, '                    ');
INSERT INTO EMD.PD_ASSOCIATED_UPC (PD_ASSOC_UPC_NO, PD_UPC_NO, LST_UPDT_UID) VALUES (22864400000, 22864400000, '                    ');


INSERT INTO EMD.PD_NTRNT_STMT_HDR (PD_NTRNT_STMT_NO, PD_LBL_COMN_UOM_CD, PD_LBL_MET_UOM_CD, PD_COMN_SRVNG_QTY, PD_MET_SRVNG_QTY, PD_LBL_SPC_QTY, PD_STMT_MAINT_SW, PD_STMT_MAINT_DT, CRE8_TS, CRE8_UID, LST_UPDT_TS, LST_UPDT_UID) VALUES (3023, 14, 4, 1.00, 151, 6, 'D', TO_DATE('2019-06-17 00:00:00', 'YYYY-MM-DD HH24:MI:SS'), null, null, null, null);
INSERT INTO EMD.PD_NTRNT_STMT_HDR (PD_NTRNT_STMT_NO, PD_LBL_COMN_UOM_CD, PD_LBL_MET_UOM_CD, PD_COMN_SRVNG_QTY, PD_MET_SRVNG_QTY, PD_LBL_SPC_QTY, PD_STMT_MAINT_SW, PD_STMT_MAINT_DT, CRE8_TS, CRE8_UID, LST_UPDT_TS, LST_UPDT_UID) VALUES (3024, 5, 4, 5.00, 140, 999, 'C', TO_DATE('2019-06-05 00:00:00', 'YYYY-MM-DD HH24:MI:SS'), null, null, null, null);

INSERT INTO EMD.PD_NTRNT_STMT_DTL (PD_NTRNT_STMT_NO, PD_LBL_NTRNT_CD, PD_LBL_FED_REQ_QTY, PD_PDD_REQ_QTY, PD_NTRNT_PDV_QTY, CRE8_TS, CRE8_UID, LST_UPDT_TS, LST_UPDT_UID) VALUES (3023, 1, 0.0, 0.00, 5, null, null, null, null);
INSERT INTO EMD.PD_NTRNT_STMT_DTL (PD_NTRNT_STMT_NO, PD_LBL_NTRNT_CD, PD_LBL_FED_REQ_QTY, PD_PDD_REQ_QTY, PD_NTRNT_PDV_QTY, CRE8_TS, CRE8_UID, LST_UPDT_TS, LST_UPDT_UID) VALUES (3023, 2, 0.0, 0.00, 110, null, null, null, null);
INSERT INTO EMD.PD_NTRNT_STMT_DTL (PD_NTRNT_STMT_NO, PD_LBL_NTRNT_CD, PD_LBL_FED_REQ_QTY, PD_PDD_REQ_QTY, PD_NTRNT_PDV_QTY, CRE8_TS, CRE8_UID, LST_UPDT_TS, LST_UPDT_UID) VALUES (3023, 6, 0.0, 0.00, 4, null, null, null, null);
INSERT INTO EMD.PD_NTRNT_STMT_DTL (PD_NTRNT_STMT_NO, PD_LBL_NTRNT_CD, PD_LBL_FED_REQ_QTY, PD_PDD_REQ_QTY, PD_NTRNT_PDV_QTY, CRE8_TS, CRE8_UID, LST_UPDT_TS, LST_UPDT_UID) VALUES (3023, 7, 0.0, 0.00, 3, null, null, null, null);
INSERT INTO EMD.PD_NTRNT_STMT_DTL (PD_NTRNT_STMT_NO, PD_LBL_NTRNT_CD, PD_LBL_FED_REQ_QTY, PD_PDD_REQ_QTY, PD_NTRNT_PDV_QTY, CRE8_TS, CRE8_UID, LST_UPDT_TS, LST_UPDT_UID) VALUES (3023, 100, 10.0, 0.00, 1, null, null, null, null);
INSERT INTO EMD.PD_NTRNT_STMT_DTL (PD_NTRNT_STMT_NO, PD_LBL_NTRNT_CD, PD_LBL_FED_REQ_QTY, PD_PDD_REQ_QTY, PD_NTRNT_PDV_QTY, CRE8_TS, CRE8_UID, LST_UPDT_TS, LST_UPDT_UID) VALUES (3023, 101, 10.0, 0.00, 0, null, null, null, null);
INSERT INTO EMD.PD_NTRNT_STMT_DTL (PD_NTRNT_STMT_NO, PD_LBL_NTRNT_CD, PD_LBL_FED_REQ_QTY, PD_PDD_REQ_QTY, PD_NTRNT_PDV_QTY, CRE8_TS, CRE8_UID, LST_UPDT_TS, LST_UPDT_UID) VALUES (3023, 102, 25.0, 0.00, 38, null, null, null, null);
INSERT INTO EMD.PD_NTRNT_STMT_DTL (PD_NTRNT_STMT_NO, PD_LBL_NTRNT_CD, PD_LBL_FED_REQ_QTY, PD_PDD_REQ_QTY, PD_NTRNT_PDV_QTY, CRE8_TS, CRE8_UID, LST_UPDT_TS, LST_UPDT_UID) VALUES (3023, 103, 1.0, 0.00, 5, null, null, null, null);
INSERT INTO EMD.PD_NTRNT_STMT_DTL (PD_NTRNT_STMT_NO, PD_LBL_NTRNT_CD, PD_LBL_FED_REQ_QTY, PD_PDD_REQ_QTY, PD_NTRNT_PDV_QTY, CRE8_TS, CRE8_UID, LST_UPDT_TS, LST_UPDT_UID) VALUES (3023, 104, 0.0, 0.00, 0, null, null, null, null);
INSERT INTO EMD.PD_NTRNT_STMT_DTL (PD_NTRNT_STMT_NO, PD_LBL_NTRNT_CD, PD_LBL_FED_REQ_QTY, PD_PDD_REQ_QTY, PD_NTRNT_PDV_QTY, CRE8_TS, CRE8_UID, LST_UPDT_TS, LST_UPDT_UID) VALUES (3023, 105, 3.0, 0.00, 6, null, null, null, null);
INSERT INTO EMD.PD_NTRNT_STMT_DTL (PD_NTRNT_STMT_NO, PD_LBL_NTRNT_CD, PD_LBL_FED_REQ_QTY, PD_PDD_REQ_QTY, PD_NTRNT_PDV_QTY, CRE8_TS, CRE8_UID, LST_UPDT_TS, LST_UPDT_UID) VALUES (3023, 106, 5.0, 0.00, 20, null, null, null, null);
INSERT INTO EMD.PD_NTRNT_STMT_DTL (PD_NTRNT_STMT_NO, PD_LBL_NTRNT_CD, PD_LBL_FED_REQ_QTY, PD_PDD_REQ_QTY, PD_NTRNT_PDV_QTY, CRE8_TS, CRE8_UID, LST_UPDT_TS, LST_UPDT_UID) VALUES (3023, 107, 2.0, 0.00, 0, null, null, null, null);
INSERT INTO EMD.PD_NTRNT_STMT_DTL (PD_NTRNT_STMT_NO, PD_LBL_NTRNT_CD, PD_LBL_FED_REQ_QTY, PD_PDD_REQ_QTY, PD_NTRNT_PDV_QTY, CRE8_TS, CRE8_UID, LST_UPDT_TS, LST_UPDT_UID) VALUES (3023, 108, 0.0, 0.00, 0, null, null, null, null);
INSERT INTO EMD.PD_NTRNT_STMT_DTL (PD_NTRNT_STMT_NO, PD_LBL_NTRNT_CD, PD_LBL_FED_REQ_QTY, PD_PDD_REQ_QTY, PD_NTRNT_PDV_QTY, CRE8_TS, CRE8_UID, LST_UPDT_TS, LST_UPDT_UID) VALUES (3023, 109, 1.0, 0.00, 0, null, null, null, null);
INSERT INTO EMD.PD_NTRNT_STMT_DTL (PD_NTRNT_STMT_NO, PD_LBL_NTRNT_CD, PD_LBL_FED_REQ_QTY, PD_PDD_REQ_QTY, PD_NTRNT_PDV_QTY, CRE8_TS, CRE8_UID, LST_UPDT_TS, LST_UPDT_UID) VALUES (3023, 110, 272.0, 0.00, 8, null, null, null, null);
INSERT INTO EMD.PD_NTRNT_STMT_DTL (PD_NTRNT_STMT_NO, PD_LBL_NTRNT_CD, PD_LBL_FED_REQ_QTY, PD_PDD_REQ_QTY, PD_NTRNT_PDV_QTY, CRE8_TS, CRE8_UID, LST_UPDT_TS, LST_UPDT_UID) VALUES (3023, 113, 0.0, 0.00, 0, null, null, null, null);
INSERT INTO EMD.PD_NTRNT_STMT_DTL (PD_NTRNT_STMT_NO, PD_LBL_NTRNT_CD, PD_LBL_FED_REQ_QTY, PD_PDD_REQ_QTY, PD_NTRNT_PDV_QTY, CRE8_TS, CRE8_UID, LST_UPDT_TS, LST_UPDT_UID) VALUES (3023, 120, 0.0, 0.00, 0, null, null, null, null);
INSERT INTO EMD.PD_NTRNT_STMT_DTL (PD_NTRNT_STMT_NO, PD_LBL_NTRNT_CD, PD_LBL_FED_REQ_QTY, PD_PDD_REQ_QTY, PD_NTRNT_PDV_QTY, CRE8_TS, CRE8_UID, LST_UPDT_TS, LST_UPDT_UID) VALUES (3024, 1, 0.0, 0.00, 2, null, null, null, null);
INSERT INTO EMD.PD_NTRNT_STMT_DTL (PD_NTRNT_STMT_NO, PD_LBL_NTRNT_CD, PD_LBL_FED_REQ_QTY, PD_PDD_REQ_QTY, PD_NTRNT_PDV_QTY, CRE8_TS, CRE8_UID, LST_UPDT_TS, LST_UPDT_UID) VALUES (3024, 2, 0.0, 0.00, 90, null, null, null, null);
INSERT INTO EMD.PD_NTRNT_STMT_DTL (PD_NTRNT_STMT_NO, PD_LBL_NTRNT_CD, PD_LBL_FED_REQ_QTY, PD_PDD_REQ_QTY, PD_NTRNT_PDV_QTY, CRE8_TS, CRE8_UID, LST_UPDT_TS, LST_UPDT_UID) VALUES (3024, 6, 0.0, 0.00, 2, null, null, null, null);
INSERT INTO EMD.PD_NTRNT_STMT_DTL (PD_NTRNT_STMT_NO, PD_LBL_NTRNT_CD, PD_LBL_FED_REQ_QTY, PD_PDD_REQ_QTY, PD_NTRNT_PDV_QTY, CRE8_TS, CRE8_UID, LST_UPDT_TS, LST_UPDT_UID) VALUES (3024, 7, 0.0, 0.00, 4, null, null, null, null);
INSERT INTO EMD.PD_NTRNT_STMT_DTL (PD_NTRNT_STMT_NO, PD_LBL_NTRNT_CD, PD_LBL_FED_REQ_QTY, PD_PDD_REQ_QTY, PD_NTRNT_PDV_QTY, CRE8_TS, CRE8_UID, LST_UPDT_TS, LST_UPDT_UID) VALUES (3024, 100, 60.0, 0.00, 12, null, null, null, null);
INSERT INTO EMD.PD_NTRNT_STMT_DTL (PD_NTRNT_STMT_NO, PD_LBL_NTRNT_CD, PD_LBL_FED_REQ_QTY, PD_PDD_REQ_QTY, PD_NTRNT_PDV_QTY, CRE8_TS, CRE8_UID, LST_UPDT_TS, LST_UPDT_UID) VALUES (3024, 101, 5.0, 0.00, 0, null, null, null, null);
INSERT INTO EMD.PD_NTRNT_STMT_DTL (PD_NTRNT_STMT_NO, PD_LBL_NTRNT_CD, PD_LBL_FED_REQ_QTY, PD_PDD_REQ_QTY, PD_NTRNT_PDV_QTY, CRE8_TS, CRE8_UID, LST_UPDT_TS, LST_UPDT_UID) VALUES (3024, 102, 0.5, 0.00, 1, null, null, null, null);
INSERT INTO EMD.PD_NTRNT_STMT_DTL (PD_NTRNT_STMT_NO, PD_LBL_NTRNT_CD, PD_LBL_FED_REQ_QTY, PD_PDD_REQ_QTY, PD_NTRNT_PDV_QTY, CRE8_TS, CRE8_UID, LST_UPDT_TS, LST_UPDT_UID) VALUES (3024, 103, 0.0, 0.00, 0, null, null, null, null);
INSERT INTO EMD.PD_NTRNT_STMT_DTL (PD_NTRNT_STMT_NO, PD_LBL_NTRNT_CD, PD_LBL_FED_REQ_QTY, PD_PDD_REQ_QTY, PD_NTRNT_PDV_QTY, CRE8_TS, CRE8_UID, LST_UPDT_TS, LST_UPDT_UID) VALUES (3024, 104, 0.0, 0.00, 0, null, null, null, null);
INSERT INTO EMD.PD_NTRNT_STMT_DTL (PD_NTRNT_STMT_NO, PD_LBL_NTRNT_CD, PD_LBL_FED_REQ_QTY, PD_PDD_REQ_QTY, PD_NTRNT_PDV_QTY, CRE8_TS, CRE8_UID, LST_UPDT_TS, LST_UPDT_UID) VALUES (3024, 105, 14.0, 0.00, 5, null, null, null, null);
INSERT INTO EMD.PD_NTRNT_STMT_DTL (PD_NTRNT_STMT_NO, PD_LBL_NTRNT_CD, PD_LBL_FED_REQ_QTY, PD_PDD_REQ_QTY, PD_NTRNT_PDV_QTY, CRE8_TS, CRE8_UID, LST_UPDT_TS, LST_UPDT_UID) VALUES (3024, 106, 5.0, 0.00, 20, null, null, null, null);
INSERT INTO EMD.PD_NTRNT_STMT_DTL (PD_NTRNT_STMT_NO, PD_LBL_NTRNT_CD, PD_LBL_FED_REQ_QTY, PD_PDD_REQ_QTY, PD_NTRNT_PDV_QTY, CRE8_TS, CRE8_UID, LST_UPDT_TS, LST_UPDT_UID) VALUES (3024, 107, 0.0, 0.00, 0, null, null, null, null);
INSERT INTO EMD.PD_NTRNT_STMT_DTL (PD_NTRNT_STMT_NO, PD_LBL_NTRNT_CD, PD_LBL_FED_REQ_QTY, PD_PDD_REQ_QTY, PD_NTRNT_PDV_QTY, CRE8_TS, CRE8_UID, LST_UPDT_TS, LST_UPDT_UID) VALUES (3024, 108, 8.0, 0.00, 0, null, null, null, null);
INSERT INTO EMD.PD_NTRNT_STMT_DTL (PD_NTRNT_STMT_NO, PD_LBL_NTRNT_CD, PD_LBL_FED_REQ_QTY, PD_PDD_REQ_QTY, PD_NTRNT_PDV_QTY, CRE8_TS, CRE8_UID, LST_UPDT_TS, LST_UPDT_UID) VALUES (3024, 109, 2.0, 0.00, 0, null, null, null, null);
INSERT INTO EMD.PD_NTRNT_STMT_DTL (PD_NTRNT_STMT_NO, PD_LBL_NTRNT_CD, PD_LBL_FED_REQ_QTY, PD_PDD_REQ_QTY, PD_NTRNT_PDV_QTY, CRE8_TS, CRE8_UID, LST_UPDT_TS, LST_UPDT_UID) VALUES (3024, 110, 200.0, 0.00, 6, null, null, null, null);
INSERT INTO EMD.PD_NTRNT_STMT_DTL (PD_NTRNT_STMT_NO, PD_LBL_NTRNT_CD, PD_LBL_FED_REQ_QTY, PD_PDD_REQ_QTY, PD_NTRNT_PDV_QTY, CRE8_TS, CRE8_UID, LST_UPDT_TS, LST_UPDT_UID) VALUES (3024, 113, 0.0, 0.00, 0, null, null, null, null);
INSERT INTO EMD.PD_NTRNT_STMT_DTL (PD_NTRNT_STMT_NO, PD_LBL_NTRNT_CD, PD_LBL_FED_REQ_QTY, PD_PDD_REQ_QTY, PD_NTRNT_PDV_QTY, CRE8_TS, CRE8_UID, LST_UPDT_TS, LST_UPDT_UID) VALUES (3024, 120, 0.0, 0.00, 0, null, null, null, null);

INSERT INTO EMD.SL_INGREDIENT (INGREDIENT_CODE, SOI_FLAG, MAINT_FUNCTION, PD_INGRD_EXT_DES, PD_INGRD_CAT_CD, INGREDIENT_DESC, CRE8_TS, CRE8_UID, LST_UPDT_TS, LST_UPDT_UID) VALUES ('1089 ', 'Y', ' ', 'FRESH/FROZEN-NATURAL', 42, 'strawberries', null, null, null, null);
INSERT INTO EMD.SL_INGREDIENT (INGREDIENT_CODE, SOI_FLAG, MAINT_FUNCTION, PD_INGRD_EXT_DES, PD_INGRD_CAT_CD, INGREDIENT_DESC, CRE8_TS, CRE8_UID, LST_UPDT_TS, LST_UPDT_UID) VALUES ('1094 ', ' ', ' ', '                    ', 42, 'raspberries', null, null, null, null);
INSERT INTO EMD.SL_INGREDIENT (INGREDIENT_CODE, SOI_FLAG, MAINT_FUNCTION, PD_INGRD_EXT_DES, PD_INGRD_CAT_CD, INGREDIENT_DESC, CRE8_TS, CRE8_UID, LST_UPDT_TS, LST_UPDT_UID) VALUES ('1229 ', ' ', ' ', '                    ', 42, 'blackberries', null, null, null, null);
INSERT INTO EMD.SL_INGREDIENT (INGREDIENT_CODE, SOI_FLAG, MAINT_FUNCTION, PD_INGRD_EXT_DES, PD_INGRD_CAT_CD, INGREDIENT_DESC, CRE8_TS, CRE8_UID, LST_UPDT_TS, LST_UPDT_UID) VALUES ('1943 ', ' ', ' ', '                    ', 42, 'kiwi', null, null, null, null);
INSERT INTO EMD.SL_INGREDIENT (INGREDIENT_CODE, SOI_FLAG, MAINT_FUNCTION, PD_INGRD_EXT_DES, PD_INGRD_CAT_CD, INGREDIENT_DESC, CRE8_TS, CRE8_UID, LST_UPDT_TS, LST_UPDT_UID) VALUES ('28   ', 'N', 'C', '                    ', 42, 'blueberries', null, null, null, null);
INSERT INTO EMD.SL_INGREDIENT (INGREDIENT_CODE, SOI_FLAG, MAINT_FUNCTION, PD_INGRD_EXT_DES, PD_INGRD_CAT_CD, INGREDIENT_DESC, CRE8_TS, CRE8_UID, LST_UPDT_TS, LST_UPDT_UID) VALUES ('2499 ', ' ', ' ', '                    ', 12, '***KEEP REFRIGERATED***', null, null, null, null);
INSERT INTO EMD.SL_INGREDIENT (INGREDIENT_CODE, SOI_FLAG, MAINT_FUNCTION, PD_INGRD_EXT_DES, PD_INGRD_CAT_CD, INGREDIENT_DESC, CRE8_TS, CRE8_UID, LST_UPDT_TS, LST_UPDT_UID) VALUES ('1099 ', ' ', ' ', '                    ', 42, 'sub-ingredient', null, null, null, null);

INSERT INTO EMD.SL_SOI_INGREDIENT (SO_INGREDIENT_CODE, INGREDIENT_CODE, SOI_SEQUENCE) VALUES (1089, 1099, 1);

INSERT INTO EMD.SL_INGRD_STMT_HDR (PD_INGRD_STMT_NO, PD_INGRD_MAINT_DT, PD_INGRD_MAINT_SW, PD_MAINT_TYP_CD, CRE8_TS, CRE8_UID, LST_UPDT_TS, LST_UPDT_UID) VALUES (614, TO_DATE('2019-03-25 00:00:00', 'YYYY-MM-DD HH24:MI:SS'), 'Y', 'C', null, null, null, null);
INSERT INTO EMD.SL_INGRD_STMT_HDR (PD_INGRD_STMT_NO, PD_INGRD_MAINT_DT, PD_INGRD_MAINT_SW, PD_MAINT_TYP_CD, CRE8_TS, CRE8_UID, LST_UPDT_TS, LST_UPDT_UID) VALUES (627, TO_DATE('2019-04-04 00:00:00', 'YYYY-MM-DD HH24:MI:SS'), 'Y', 'C', null, null, null, null);

INSERT INTO EMD.SL_INGRD_STMT_DTL (PD_INGRD_STMT_NO, PD_INGRD_CD, PD_INGRD_PCT, CRE8_TS, CRE8_UID, LST_UPDT_TS, LST_UPDT_UID) VALUES (614, '2499 ', 94.0000, null, null, null, null);
INSERT INTO EMD.SL_INGRD_STMT_DTL (PD_INGRD_STMT_NO, PD_INGRD_CD, PD_INGRD_PCT, CRE8_TS, CRE8_UID, LST_UPDT_TS, LST_UPDT_UID) VALUES (614, '1943 ', 96.0000, null, null, null, null);
INSERT INTO EMD.SL_INGRD_STMT_DTL (PD_INGRD_STMT_NO, PD_INGRD_CD, PD_INGRD_PCT, CRE8_TS, CRE8_UID, LST_UPDT_TS, LST_UPDT_UID) VALUES (614, '1229 ', 97.0000, null, null, null, null);
INSERT INTO EMD.SL_INGRD_STMT_DTL (PD_INGRD_STMT_NO, PD_INGRD_CD, PD_INGRD_PCT, CRE8_TS, CRE8_UID, LST_UPDT_TS, LST_UPDT_UID) VALUES (614, '28   ', 98.0000, null, null, null, null);
INSERT INTO EMD.SL_INGRD_STMT_DTL (PD_INGRD_STMT_NO, PD_INGRD_CD, PD_INGRD_PCT, CRE8_TS, CRE8_UID, LST_UPDT_TS, LST_UPDT_UID) VALUES (614, '1089 ', 99.0000, null, null, null, null);
INSERT INTO EMD.SL_INGRD_STMT_DTL (PD_INGRD_STMT_NO, PD_INGRD_CD, PD_INGRD_PCT, CRE8_TS, CRE8_UID, LST_UPDT_TS, LST_UPDT_UID) VALUES (627, '2499 ', 994.0000, null, null, null, null);
INSERT INTO EMD.SL_INGRD_STMT_DTL (PD_INGRD_STMT_NO, PD_INGRD_CD, PD_INGRD_PCT, CRE8_TS, CRE8_UID, LST_UPDT_TS, LST_UPDT_UID) VALUES (627, '1094 ', 996.0000, null, null, null, null);
INSERT INTO EMD.SL_INGRD_STMT_DTL (PD_INGRD_STMT_NO, PD_INGRD_CD, PD_INGRD_PCT, CRE8_TS, CRE8_UID, LST_UPDT_TS, LST_UPDT_UID) VALUES (627, '1229 ', 997.0000, null, null, null, null);
INSERT INTO EMD.SL_INGRD_STMT_DTL (PD_INGRD_STMT_NO, PD_INGRD_CD, PD_INGRD_PCT, CRE8_TS, CRE8_UID, LST_UPDT_TS, LST_UPDT_UID) VALUES (627, '28   ', 998.0000, null, null, null, null);
INSERT INTO EMD.SL_INGRD_STMT_DTL (PD_INGRD_STMT_NO, PD_INGRD_CD, PD_INGRD_PCT, CRE8_TS, CRE8_UID, LST_UPDT_TS, LST_UPDT_UID) VALUES (627, '1089 ', 999.0000, null, null, null, null);
